use veerjwhf_vssdb;

SET SQL_MODE = "NO_AUTO_VALUE_ON_ZERO";
START TRANSACTION;
SET time_zone = "+00:00";


/*!40101 SET @OLD_CHARACTER_SET_CLIENT=@@CHARACTER_SET_CLIENT */;
/*!40101 SET @OLD_CHARACTER_SET_RESULTS=@@CHARACTER_SET_RESULTS */;
/*!40101 SET @OLD_COLLATION_CONNECTION=@@COLLATION_CONNECTION */;
/*!40101 SET NAMES utf8mb4 */;

--
-- Table structure for table `Addresses`
--

CREATE TABLE `Addresses` (
  `AddressId` int NOT NULL,
  `EmployeeId` int NOT NULL,
  `Address` varchar(100) NOT NULL,
  `SubDistrict` varchar(100) DEFAULT NULL,
  `District` varchar(100) DEFAULT NULL,
  `Street` varchar(255) DEFAULT NULL,
  `City` varchar(100) NOT NULL,
  `Province` varchar(100) NOT NULL,
  `Country` varchar(100) NOT NULL,
  `PostCode` varchar(20) NOT NULL,
  `DateCreated` datetime NOT NULL,
  `DateModified` datetime NOT NULL,
  `DateDeleted` datetime DEFAULT NULL,
  `CreatedBy` int NOT NULL DEFAULT '-1',
  `ModifiedBy` int NOT NULL DEFAULT '-1',
  `DeletedBy` int DEFAULT NULL
) ENGINE=MyISAM DEFAULT CHARSET=tis620;

--
-- Dumping data for table `Addresses`
--

INSERT INTO `Addresses` (`AddressId`, `EmployeeId`, `Address`, `SubDistrict`, `District`, `Street`, `City`, `Province`, `Country`, `PostCode`, `DateCreated`, `DateModified`, `DateDeleted`, `CreatedBy`, `ModifiedBy`, `DeletedBy`) VALUES
(1, 88, '134', '8', 'นาขยาด', '', 'พัทลุง', 'ควนขนุน', 'ไทย', '93110', '2023-06-28 09:21:26', '2023-06-28 09:21:26', NULL, -1, -1, NULL),
(2, 88, '134', '8', 'นาขยาด', '', 'พัทลุง', 'ควนขนุน', 'ไทย', '93110', '2023-06-28 09:23:23', '2023-06-28 09:23:23', NULL, -1, -1, NULL),
(3, 88, '134', '8', 'นาขยาด', '', 'พัทลุง', 'ควนขนุน', 'ไทย', '93110', '2023-06-28 09:26:01', '2023-06-28 09:26:01', NULL, -1, -1, NULL),
(4, 88, '134', '8', 'นาขยาด', '', 'พัทลุง', 'ควนขนุน', 'ไทย', '93110', '2023-06-28 09:29:17', '2023-06-28 09:29:17', NULL, -1, -1, NULL),
(5, 88, '134', '8', 'นาขยาด', '', 'พัทลุง', 'ควนขนุน', 'ไทย', '93110', '2023-06-28 09:31:15', '2023-06-28 09:31:15', NULL, -1, -1, NULL),
(6, 88, '134', '8', 'นาขยาด', '', 'พัทลุง', 'ควนขนุน', 'ไทย', '93110', '2023-06-28 09:32:19', '2023-06-28 09:32:19', NULL, -1, -1, NULL),
(7, 1, '', '', '', '', '', '', '', '', '2023-06-28 09:39:56', '2023-06-28 09:39:56', NULL, -1, -1, NULL),
(8, 2, '', '', '', '', '', '', '', '', '2023-06-28 09:40:57', '2023-06-28 09:40:57', NULL, -1, -1, NULL),
(9, 3, '', '', '', '', '', '', '', '', '2023-06-28 09:42:02', '2023-06-28 09:42:02', NULL, -1, -1, NULL),
(10, 4, '', '', '', '', '', '', '', '', '2023-06-28 09:42:10', '2023-06-28 09:42:10', NULL, -1, -1, NULL),
(11, 5, '', '', '', '', '', '', '', '', '2023-06-28 09:42:24', '2023-06-28 09:42:24', NULL, -1, -1, NULL),
(12, 6, '', '', '', '', '', '', '', '', '2023-06-28 09:42:33', '2023-06-28 09:42:33', NULL, -1, -1, NULL),
(13, 7, '', '', '', '', '', '', '', '', '2023-06-28 09:42:41', '2023-06-28 09:42:41', NULL, -1, -1, NULL),
(14, 8, '', '', '', '', '', '', '', '', '2023-06-28 09:42:50', '2023-06-28 09:42:50', NULL, -1, -1, NULL),
(15, 9, '', '', '', '', '', '', '', '', '2023-06-28 09:42:57', '2023-06-28 09:42:57', NULL, -1, -1, NULL),
(16, 10, '', '', '', '', '', '', '', '', '2023-06-28 09:43:06', '2023-06-28 09:43:06', NULL, -1, -1, NULL),
(17, 11, '', '', '', '', '', '', '', '', '2023-06-28 09:43:18', '2023-06-28 09:43:18', NULL, -1, -1, NULL),
(18, 12, '', '', '', '', '', '', '', '', '2023-06-28 09:43:26', '2023-06-28 09:43:26', NULL, -1, -1, NULL),
(19, 13, '', '', '', '', '', '', '', '', '2023-06-28 09:43:32', '2023-06-28 09:43:32', NULL, -1, -1, NULL),
(20, 14, '', '', '', '', '', '', '', '', '2023-06-28 09:43:40', '2023-06-28 09:43:40', NULL, -1, -1, NULL),
(21, 15, '', '', '', '', '', '', '', '', '2023-06-28 09:43:46', '2023-06-28 09:43:46', NULL, -1, -1, NULL),
(22, 16, '', '', '', '', '', '', '', '', '2023-06-28 09:44:00', '2023-06-28 09:44:00', NULL, -1, -1, NULL),
(23, 17, '', '', '', '', '', '', '', '', '2023-06-28 09:44:10', '2023-06-28 09:44:10', NULL, -1, -1, NULL),
(24, 18, '', '', '', '', '', '', '', '', '2023-06-28 09:44:57', '2023-06-28 09:44:57', NULL, -1, -1, NULL),
(25, 19, '', '', '', '', '', '', '', '', '2023-06-28 09:45:05', '2023-06-28 09:45:05', NULL, -1, -1, NULL),
(26, 20, '', '', '', '', '', '', '', '', '2023-06-28 09:45:13', '2023-06-28 09:45:13', NULL, -1, -1, NULL),
(27, 21, '', '', '', '', '', '', '', '', '2023-06-28 09:45:22', '2023-06-28 09:45:22', NULL, -1, -1, NULL),
(28, 22, '', '', '', '', '', '', '', '', '2023-06-28 09:45:31', '2023-06-28 09:45:31', NULL, -1, -1, NULL),
(29, 23, '', '', '', '', '', '', '', '', '2023-06-28 09:45:40', '2023-06-28 09:45:40', NULL, -1, -1, NULL),
(30, 24, '', '', '', '', '', '', '', '', '2023-06-28 09:45:48', '2023-06-28 09:45:48', NULL, -1, -1, NULL),
(31, 25, '', '', '', '', '', '', '', '', '2023-06-28 09:45:54', '2023-06-28 09:45:54', NULL, -1, -1, NULL),
(32, 26, '', '', '', '', '', '', '', '', '2023-06-28 09:46:05', '2023-06-28 09:46:05', NULL, -1, -1, NULL),
(33, 27, '', '', '', '', '', '', '', '', '2023-06-28 09:46:11', '2023-06-28 09:46:11', NULL, -1, -1, NULL),
(34, 28, '', '', '', '', '', '', '', '', '2023-06-28 09:46:19', '2023-06-28 09:46:19', NULL, -1, -1, NULL),
(35, 29, '', '', '', '', '', '', '', '', '2023-06-28 09:46:26', '2023-06-28 09:46:26', NULL, -1, -1, NULL),
(36, 30, '', '', '', '', '', '', '', '', '2023-06-28 09:46:35', '2023-06-28 09:46:35', NULL, -1, -1, NULL),
(37, 31, '', '', '', '', '', '', '', '', '2023-06-28 09:46:47', '2023-06-28 09:46:47', NULL, -1, -1, NULL),
(38, 32, '', '', '', '', '', '', '', '', '2023-06-28 09:46:55', '2023-06-28 09:46:55', NULL, -1, -1, NULL),
(39, 33, '', '', '', '', '', '', '', '', '2023-06-28 09:47:03', '2023-06-28 09:47:03', NULL, -1, -1, NULL),
(40, 34, '', '', '', '', '', '', '', '', '2023-06-28 09:47:10', '2023-06-28 09:47:10', NULL, -1, -1, NULL),
(41, 35, '', '', '', '', '', '', '', '', '2023-06-28 09:47:20', '2023-06-28 09:47:20', NULL, -1, -1, NULL),
(42, 36, '', '', '', '', '', '', '', '', '2023-06-28 09:47:28', '2023-06-28 09:47:28', NULL, -1, -1, NULL),
(43, 37, '', '', '', '', '', '', '', '', '2023-06-28 09:47:37', '2023-06-28 09:47:37', NULL, -1, -1, NULL),
(44, 38, '', '', '', '', '', '', '', '', '2023-06-28 09:47:45', '2023-06-28 09:47:45', NULL, -1, -1, NULL),
(45, 39, '', '', '', '', '', '', '', '', '2023-06-28 09:47:52', '2023-06-28 09:47:52', NULL, -1, -1, NULL),
(46, 40, '', '', '', '', '', '', '', '', '2023-06-28 09:47:58', '2023-06-28 09:47:58', NULL, -1, -1, NULL),
(47, 41, '', '', '', '', '', '', '', '', '2023-06-28 09:48:08', '2023-06-28 09:48:08', NULL, -1, -1, NULL),
(48, 42, '', '', '', '', '', '', '', '', '2023-06-28 09:48:25', '2023-06-28 09:48:25', NULL, -1, -1, NULL),
(49, 43, '', '', '', '', '', '', '', '', '2023-06-28 09:48:33', '2023-06-28 09:48:33', NULL, -1, -1, NULL),
(50, 44, '', '', '', '', '', '', '', '', '2023-06-28 09:48:40', '2023-06-28 09:48:40', NULL, -1, -1, NULL),
(51, 45, '', '', '', '', '', '', '', '', '2023-06-28 09:48:48', '2023-06-28 09:48:48', NULL, -1, -1, NULL),
(52, 46, '', '', '', '', '', '', '', '', '2023-06-28 09:48:56', '2023-06-28 09:48:56', NULL, -1, -1, NULL),
(53, 47, '', '', '', '', '', '', '', '', '2023-06-28 09:49:03', '2023-06-28 09:49:03', NULL, -1, -1, NULL),
(54, 48, '', '', '', '', '', '', '', '', '2023-06-28 09:49:09', '2023-06-28 09:49:09', NULL, -1, -1, NULL),
(55, 49, '', '', '', '', '', '', '', '', '2023-06-28 09:49:18', '2023-06-28 09:49:18', NULL, -1, -1, NULL),
(56, 50, '', '', '', '', '', '', '', '', '2023-06-28 09:49:25', '2023-06-28 09:49:25', NULL, -1, -1, NULL),
(57, 51, '', '', '', '', '', '', '', '', '2023-06-28 09:49:33', '2023-06-28 09:49:33', NULL, -1, -1, NULL),
(58, 52, '', '', '', '', '', '', '', '', '2023-06-28 09:49:39', '2023-06-28 09:49:39', NULL, -1, -1, NULL),
(59, 53, '', '', '', '', '', '', '', '', '2023-06-28 09:49:46', '2023-06-28 09:49:46', NULL, -1, -1, NULL),
(60, 54, '', '', '', '', '', '', '', '', '2023-06-28 09:49:52', '2023-06-28 09:49:52', NULL, -1, -1, NULL),
(61, 55, '', '', '', '', '', '', '', '', '2023-06-28 09:50:02', '2023-06-28 09:50:02', NULL, -1, -1, NULL),
(62, 56, '', '', '', '', '', '', '', '', '2023-06-28 09:50:11', '2023-06-28 09:50:11', NULL, -1, -1, NULL),
(63, 57, '', '', '', '', '', '', '', '', '2023-06-28 09:50:20', '2023-06-28 09:50:20', NULL, -1, -1, NULL),
(64, 58, '', '', '', '', '', '', '', '', '2023-06-28 09:50:27', '2023-06-28 09:50:27', NULL, -1, -1, NULL),
(65, 59, '', '', '', '', '', '', '', '', '2023-06-28 09:50:34', '2023-06-28 09:50:34', NULL, -1, -1, NULL),
(66, 60, '', '', '', '', '', '', '', '', '2023-06-28 09:50:59', '2023-06-28 09:50:59', NULL, -1, -1, NULL),
(67, 61, '', '', '', '', '', '', '', '', '2023-06-28 09:51:13', '2023-06-28 09:51:13', NULL, -1, -1, NULL),
(68, 62, '', '', '', '', '', '', '', '', '2023-06-28 09:51:23', '2023-06-28 09:51:23', NULL, -1, -1, NULL),
(69, 63, '', '', '', '', '', '', '', '', '2023-06-28 09:51:36', '2023-06-28 09:51:36', NULL, -1, -1, NULL),
(70, 64, '', '', '', '', '', '', '', '', '2023-06-28 09:51:43', '2023-06-28 09:51:43', NULL, -1, -1, NULL),
(71, 65, '', '', '', '', '', '', '', '', '2023-06-28 09:51:50', '2023-06-28 09:51:50', NULL, -1, -1, NULL),
(72, 66, '', '', '', '', '', '', '', '', '2023-06-28 09:52:04', '2023-06-28 09:52:04', NULL, -1, -1, NULL),
(73, 67, '', '', '', '', '', '', '', '', '2023-06-28 09:52:10', '2023-06-28 09:52:10', NULL, -1, -1, NULL),
(74, 68, '', '', '', '', '', '', '', '', '2023-06-28 09:52:17', '2023-06-28 09:52:17', NULL, -1, -1, NULL),
(75, 69, '', '', '', '', '', '', '', '', '2023-06-28 09:52:22', '2023-06-28 09:52:22', NULL, -1, -1, NULL),
(76, 70, '', '', '', '', '', '', '', '', '2023-06-28 09:52:29', '2023-06-28 09:52:29', NULL, -1, -1, NULL),
(77, 71, '', '', '', '', '', '', '', '', '2023-06-28 09:52:37', '2023-06-28 09:52:37', NULL, -1, -1, NULL),
(78, 72, '', '', '', '', '', '', '', '', '2023-06-28 09:52:44', '2023-06-28 09:52:44', NULL, -1, -1, NULL),
(79, 73, '', '', '', '', '', '', '', '', '2023-06-28 09:52:52', '2023-06-28 09:52:52', NULL, -1, -1, NULL),
(80, 74, '', '', '', '', '', '', '', '', '2023-06-28 09:53:28', '2023-06-28 09:53:28', NULL, -1, -1, NULL),
(81, 75, '', '', '', '', '', '', '', '', '2023-06-28 09:53:37', '2023-06-28 09:53:37', NULL, -1, -1, NULL),
(82, 76, '', '', '', '', '', '', '', '', '2023-06-28 09:53:43', '2023-06-28 09:53:43', NULL, -1, -1, NULL),
(83, 77, '', '', '', '', '', '', '', '', '2023-06-28 09:53:50', '2023-06-28 09:53:50', NULL, -1, -1, NULL),
(84, 78, '', '', '', '', '', '', '', '', '2023-06-28 09:53:59', '2023-06-28 09:53:59', NULL, -1, -1, NULL),
(85, 79, '', '', '', '', '', '', '', '', '2023-06-28 09:54:05', '2023-06-28 09:54:05', NULL, -1, -1, NULL),
(86, 80, '', '', '', '', '', '', '', '', '2023-06-28 09:54:11', '2023-06-28 09:54:11', NULL, -1, -1, NULL),
(87, 81, '', '', '', '', '', '', '', '', '2023-06-28 09:54:19', '2023-06-28 09:54:19', NULL, -1, -1, NULL),
(88, 82, '', '', '', '', '', '', '', '', '2023-06-28 09:54:25', '2023-06-28 09:54:25', NULL, -1, -1, NULL),
(89, 83, '', '', '', '', '', '', '', '', '2023-06-28 09:54:31', '2023-06-28 09:54:31', NULL, -1, -1, NULL),
(90, 2, '', '', '', '', '', '', '', '', '2023-06-28 09:55:27', '2023-06-28 09:55:27', NULL, -1, -1, NULL),
(91, 2, '', '', '', '', '', '', '', '', '2023-06-28 09:55:42', '2023-06-28 09:55:42', NULL, -1, -1, NULL),
(92, 84, '', '', '', '', '', '', '', '', '2023-06-28 09:56:55', '2023-06-28 09:56:55', NULL, -1, -1, NULL),
(93, 85, '', '', '', '', '', '', '', '', '2023-06-28 09:57:32', '2023-06-28 09:57:32', NULL, -1, -1, NULL),
(94, 86, '', '', '', '', '', '', '', '', '2023-06-28 09:57:39', '2023-06-28 09:57:39', NULL, -1, -1, NULL),
(95, 87, '', '', '', '', '', '', '', '', '2023-06-28 09:57:45', '2023-06-28 09:57:45', NULL, -1, -1, NULL),
(96, 87, '', '', '', '', '', '', '', '', '2023-06-28 09:57:52', '2023-06-28 09:57:52', NULL, -1, -1, NULL),
(97, 89, '', '', '', '', '', '', '', '', '2023-06-28 09:57:59', '2023-06-28 09:57:59', NULL, -1, -1, NULL),
(98, 90, '', '', '', '', '', '', '', '', '2023-06-28 10:00:25', '2023-06-28 10:00:25', NULL, -1, -1, NULL),
(99, 91, '', '', '', '', '', '', '', '', '2023-06-28 10:00:34', '2023-06-28 10:00:34', NULL, -1, -1, NULL),
(100, 92, '', '', '', '', '', '', '', '', '2023-06-28 10:00:41', '2023-06-28 10:00:41', NULL, -1, -1, NULL),
(101, 93, '', '', '', '', '', '', '', '', '2023-06-28 10:00:47', '2023-06-28 10:00:47', NULL, -1, -1, NULL),
(102, 94, '', '', '', '', '', '', '', '', '2023-06-28 10:00:53', '2023-06-28 10:00:53', NULL, -1, -1, NULL),
(103, 95, '', '', '', '', '', '', '', '', '2023-06-28 10:01:01', '2023-06-28 10:01:01', NULL, -1, -1, NULL),
(104, 96, '', '', '', '', '', '', '', '', '2023-06-28 10:01:07', '2023-06-28 10:01:07', NULL, -1, -1, NULL),
(105, 97, '', '', '', '', '', '', '', '', '2023-06-28 10:01:13', '2023-06-28 10:01:13', NULL, -1, -1, NULL),
(106, 97, '', '', '', '', '', '', '', '', '2023-06-28 10:01:21', '2023-06-28 10:01:21', NULL, -1, -1, NULL),
(107, 98, '', '', '', '', '', '', '', '', '2023-06-28 10:01:29', '2023-06-28 10:01:29', NULL, -1, -1, NULL),
(108, 99, '', '', '', '', '', '', '', '', '2023-06-28 10:01:38', '2023-06-28 10:01:38', NULL, -1, -1, NULL),
(109, 100, '', '', '', '', '', '', '', '', '2023-06-28 10:01:45', '2023-06-28 10:01:45', NULL, -1, -1, NULL),
(110, 101, '', '', '', '', '', '', '', '', '2023-06-28 10:01:52', '2023-06-28 10:01:52', NULL, -1, -1, NULL),
(111, 102, '', '', '', '', '', '', '', '', '2023-06-28 10:01:58', '2023-06-28 10:01:58', NULL, -1, -1, NULL),
(112, 103, '', '', '', '', '', '', '', '', '2023-06-28 10:02:05', '2023-06-28 10:02:05', NULL, -1, -1, NULL),
(113, 104, '', '', '', '', '', '', '', '', '2023-06-28 10:02:11', '2023-06-28 10:02:11', NULL, -1, -1, NULL),
(114, 105, '', '', '', '', '', '', '', '', '2023-06-28 10:02:20', '2023-06-28 10:02:20', NULL, -1, -1, NULL),
(115, 106, '', '', '', '', '', '', '', '', '2023-06-28 10:02:26', '2023-06-28 10:02:26', NULL, -1, -1, NULL),
(116, 107, '', '', '', '', '', '', '', '', '2023-06-28 10:02:33', '2023-06-28 10:02:33', NULL, -1, -1, NULL),
(117, 108, '', '', '', '', '', '', '', '', '2023-06-28 10:02:39', '2023-06-28 10:02:39', NULL, -1, -1, NULL),
(118, 109, '', '', '', '', '', '', '', '', '2023-06-28 10:02:45', '2023-06-28 10:02:45', NULL, -1, -1, NULL),
(119, 110, '', '', '', '', '', '', '', '', '2023-06-28 10:02:52', '2023-06-28 10:02:52', NULL, -1, -1, NULL),
(120, 111, '', '', '', '', '', '', '', '', '2023-06-28 10:03:00', '2023-06-28 10:03:00', NULL, -1, -1, NULL),
(121, 112, '', '', '', '', '', '', '', '', '2023-06-28 10:03:07', '2023-06-28 10:03:07', NULL, -1, -1, NULL),
(122, 113, '', '', '', '', '', '', '', '', '2023-06-28 10:03:16', '2023-06-28 10:03:16', NULL, -1, -1, NULL),
(123, 116, '', '', '', '', '', '', '', '', '2023-06-28 10:04:32', '2023-06-28 10:04:32', NULL, -1, -1, NULL),
(124, 117, '', '', '', '', '', '', '', '', '2023-06-28 10:04:39', '2023-06-28 10:04:39', NULL, -1, -1, NULL),
(125, 118, '', '', '', '', '', '', '', '', '2023-06-28 10:04:45', '2023-06-28 10:04:45', NULL, -1, -1, NULL),
(126, 119, '', '', '', '', '', '', '', '', '2023-06-28 10:04:53', '2023-06-28 10:04:53', NULL, -1, -1, NULL),
(127, 120, '', '', '', '', '', '', '', '', '2023-06-28 10:05:01', '2023-06-28 10:05:01', NULL, -1, -1, NULL),
(128, 121, '', '', '', '', '', '', '', '', '2023-06-28 10:05:11', '2023-06-28 10:05:11', NULL, -1, -1, NULL),
(129, 114, '', '', '', '', '', '', '', '', '2023-06-28 10:05:52', '2023-06-28 10:05:52', NULL, -1, -1, NULL),
(130, 115, '', '', '', '', '', '', '', '', '2023-06-28 10:06:19', '2023-06-28 10:06:19', NULL, -1, -1, NULL),
(131, 122, '', '', '', '', '', '', '', '', '2023-06-28 10:06:54', '2023-06-28 10:06:54', NULL, -1, -1, NULL),
(132, 123, '', '', '', '', '', '', '', '', '2023-06-28 10:07:04', '2023-06-28 10:07:04', NULL, -1, -1, NULL),
(133, 124, '', '', '', '', '', '', '', '', '2023-06-28 10:07:11', '2023-06-28 10:07:11', NULL, -1, -1, NULL),
(134, 125, '', '', '', '', '', '', '', '', '2023-06-28 10:07:18', '2023-06-28 10:07:18', NULL, -1, -1, NULL),
(135, 126, '', '', '', '', '', '', '', '', '2023-06-28 10:07:23', '2023-06-28 10:07:23', NULL, -1, -1, NULL),
(136, 127, '', '', '', '', '', '', '', '', '2023-06-28 10:07:30', '2023-06-28 10:07:30', NULL, -1, -1, NULL),
(137, 128, '', '', '', '', '', '', '', '', '2023-06-28 10:07:38', '2023-06-28 10:07:38', NULL, -1, -1, NULL),
(138, 129, '', '', '', '', '', '', '', '', '2023-06-28 10:07:44', '2023-06-28 10:07:44', NULL, -1, -1, NULL),
(139, 130, '', '', '', '', '', '', '', '', '2023-06-28 10:07:50', '2023-06-28 10:07:50', NULL, -1, -1, NULL),
(140, 131, '', '', '', '', '', '', '', '', '2023-06-28 10:07:58', '2023-06-28 10:07:58', NULL, -1, -1, NULL),
(141, 132, '', '', '', '', '', '', '', '', '2023-06-28 10:08:04', '2023-06-28 10:08:04', NULL, -1, -1, NULL),
(142, 133, '', '', '', '', '', '', '', '', '2023-06-28 10:08:10', '2023-06-28 10:08:10', NULL, -1, -1, NULL),
(143, 134, '', '', '', '', '', '', '', '', '2023-06-28 10:08:16', '2023-06-28 10:08:16', NULL, -1, -1, NULL),
(144, 135, '', '', '', '', '', '', '', '', '2023-06-28 10:08:22', '2023-06-28 10:08:22', NULL, -1, -1, NULL),
(145, 136, '', '', '', '', '', '', '', '', '2023-06-28 10:08:27', '2023-06-28 10:08:27', NULL, -1, -1, NULL),
(146, 137, '', '', '', '', '', '', '', '', '2023-06-28 10:08:33', '2023-06-28 10:08:33', NULL, -1, -1, NULL),
(147, 138, '', '', '', '', '', '', '', '', '2023-06-28 10:08:44', '2023-06-28 10:08:44', NULL, -1, -1, NULL),
(148, 139, '', '', '', '', '', '', '', '', '2023-06-28 10:08:57', '2023-06-28 10:08:57', NULL, -1, -1, NULL),
(149, 140, '', '', '', '', '', '', '', '', '2023-06-28 10:09:06', '2023-06-28 10:09:06', NULL, -1, -1, NULL),
(150, 141, '', '', '', '', '', '', '', '', '2023-06-28 10:09:23', '2023-06-28 10:09:23', NULL, -1, -1, NULL),
(151, 142, '', '', '', '', '', '', '', '', '2023-06-28 10:09:31', '2023-06-28 10:09:31', NULL, -1, -1, NULL),
(152, 142, '', '', '', '', '', '', '', '', '2023-06-28 10:10:04', '2023-06-28 10:10:04', NULL, -1, -1, NULL),
(153, 143, '', '', '', '', '', '', '', '', '2023-06-28 10:10:20', '2023-06-28 10:10:20', NULL, -1, -1, NULL),
(154, 144, '', '', '', '', '', '', '', '', '2023-06-28 10:10:27', '2023-06-28 10:10:27', NULL, -1, -1, NULL),
(155, 145, '', '', '', '', '', '', '', '', '2023-06-28 10:10:36', '2023-06-28 10:10:36', NULL, -1, -1, NULL),
(156, 146, '', '', '', '', '', '', '', '', '2023-06-28 10:10:42', '2023-06-28 10:10:42', NULL, -1, -1, NULL),
(157, 147, '', '', '', '', '', '', '', '', '2023-06-28 10:10:49', '2023-06-28 10:10:49', NULL, -1, -1, NULL),
(158, 148, '', '', '', '', '', '', '', '', '2023-06-28 10:10:56', '2023-06-28 10:10:56', NULL, -1, -1, NULL),
(159, 149, '', '', '', '', '', '', '', '', '2023-06-28 10:11:02', '2023-06-28 10:11:02', NULL, -1, -1, NULL),
(160, 150, '', '', '', '', '', '', '', '', '2023-06-28 10:11:07', '2023-06-28 10:11:07', NULL, -1, -1, NULL),
(161, 151, '', '', '', '', '', '', '', '', '2023-06-28 10:11:14', '2023-06-28 10:11:14', NULL, -1, -1, NULL),
(162, 152, '', '', '', '', '', '', '', '', '2023-06-28 10:11:20', '2023-06-28 10:11:20', NULL, -1, -1, NULL),
(163, 153, '', '', '', '', '', '', '', '', '2023-06-28 10:11:25', '2023-06-28 10:11:25', NULL, -1, -1, NULL),
(164, 154, '', '', '', '', '', '', '', '', '2023-06-28 10:11:31', '2023-06-28 10:11:31', NULL, -1, -1, NULL),
(165, 155, '', '', '', '', '', '', '', '', '2023-06-28 10:11:38', '2023-06-28 10:11:38', NULL, -1, -1, NULL),
(166, 156, '', '', '', '', '', '', '', '', '2023-06-28 10:11:55', '2023-06-28 10:11:55', NULL, -1, -1, NULL),
(167, 156, '', '', '', '', '', '', '', '', '2023-06-28 10:12:25', '2023-06-28 10:12:25', NULL, -1, -1, NULL),
(168, 157, '', '', '', '', '', '', '', '', '2023-06-28 10:12:36', '2023-06-28 10:12:36', NULL, -1, -1, NULL),
(169, 158, '', '', '', '', '', '', '', '', '2023-06-28 10:12:44', '2023-06-28 10:12:44', NULL, -1, -1, NULL),
(170, 159, '', '', '', '', '', '', '', '', '2023-06-28 10:12:55', '2023-06-28 10:12:55', NULL, -1, -1, NULL),
(171, 160, '', '', '', '', '', '', '', '', '2023-06-28 10:13:01', '2023-06-28 10:13:01', NULL, -1, -1, NULL),
(172, 161, '', '', '', '', '', '', '', '', '2023-06-28 10:13:10', '2023-06-28 10:13:10', NULL, -1, -1, NULL),
(173, 162, '', '', '', '', '', '', '', '', '2023-06-28 10:13:16', '2023-06-28 10:13:16', NULL, -1, -1, NULL),
(174, 163, '', '', '', '', '', '', '', '', '2023-06-28 10:13:24', '2023-06-28 10:13:24', NULL, -1, -1, NULL),
(175, 164, '', '', '', '', '', '', '', '', '2023-06-28 10:13:30', '2023-06-28 10:13:30', NULL, -1, -1, NULL),
(176, 165, '', '', '', '', '', '', '', '', '2023-06-28 10:13:37', '2023-06-28 10:13:37', NULL, -1, -1, NULL),
(177, 166, '', '', '', '', '', '', '', '', '2023-06-28 10:13:50', '2023-06-28 10:13:50', NULL, -1, -1, NULL),
(178, 166, '', '', '', '', '', '', '', '', '2023-06-28 10:14:16', '2023-06-28 10:14:16', NULL, -1, -1, NULL),
(179, 167, '', '', '', '', '', '', '', '', '2023-06-28 10:14:30', '2023-06-28 10:14:30', NULL, -1, -1, NULL),
(180, 167, '', '', '', '', '', '', '', '', '2023-06-28 10:14:40', '2023-06-28 10:14:40', NULL, -1, -1, NULL),
(181, 168, '', '', '', '', '', '', '', '', '2023-06-28 10:14:49', '2023-06-28 10:14:49', NULL, -1, -1, NULL),
(182, 169, '', '', '', '', '', '', '', '', '2023-06-28 10:15:15', '2023-06-28 10:15:15', NULL, -1, -1, NULL),
(183, 170, '', '', '', '', '', '', '', '', '2023-06-28 10:15:22', '2023-06-28 10:15:22', NULL, -1, -1, NULL),
(184, 171, '', '', '', '', '', '', '', '', '2023-06-28 10:15:35', '2023-06-28 10:15:35', NULL, -1, -1, NULL),
(185, 172, '', '', '', '', '', '', '', '', '2023-06-28 10:15:42', '2023-06-28 10:15:42', NULL, -1, -1, NULL),
(186, 173, '', '', '', '', '', '', '', '', '2023-06-28 10:15:52', '2023-06-28 10:15:52', NULL, -1, -1, NULL),
(187, 174, '', '', '', '', '', '', '', '', '2023-06-28 10:15:58', '2023-06-28 10:15:58', NULL, -1, -1, NULL),
(188, 175, '', '', '', '', '', '', '', '', '2023-06-28 10:16:03', '2023-06-28 10:16:03', NULL, -1, -1, NULL),
(189, 176, '', '', '', '', '', '', '', '', '2023-06-28 10:16:09', '2023-06-28 10:16:09', NULL, -1, -1, NULL),
(190, 177, '', '', '', '', '', '', '', '', '2023-06-28 10:16:17', '2023-06-28 10:16:17', NULL, -1, -1, NULL),
(191, 178, '', '', '', '', '', '', '', '', '2023-06-28 10:16:24', '2023-06-28 10:16:24', NULL, -1, -1, NULL),
(192, 179, '', '', '', '', '', '', '', '', '2023-06-28 10:16:31', '2023-06-28 10:16:31', NULL, -1, -1, NULL),
(193, 180, '', '', '', '', '', '', '', '', '2023-06-28 10:17:18', '2023-06-28 10:17:18', NULL, -1, -1, NULL),
(194, 181, '', '', '', '', '', '', '', '', '2023-06-28 10:17:25', '2023-06-28 10:17:25', NULL, -1, -1, NULL),
(195, 182, '', '', '', '', '', '', '', '', '2023-06-28 10:17:29', '2023-06-28 10:17:29', NULL, -1, -1, NULL),
(196, 2, '', '', '', '', '', '', '', '', '2023-06-28 11:48:19', '2023-06-28 11:48:19', NULL, -1, -1, NULL),
(197, 1, '', '', '', '', '', '', '', '', '2023-06-28 11:49:04', '2023-06-28 11:49:04', NULL, -1, -1, NULL),
(198, 1, '', '', '', '', '', '', '', '', '2023-06-28 11:49:28', '2023-06-28 11:49:28', NULL, -1, -1, NULL),
(199, 17, '', '', '', '', '', '', '', '', '2023-06-28 13:36:35', '2023-06-28 13:36:35', NULL, -1, -1, NULL),
(200, 59, '', '', '', '', '', '', '', '', '2023-06-28 13:37:15', '2023-06-28 13:37:15', NULL, -1, -1, NULL),
(201, 71, '', '', '', '', '', '', '', '', '2023-06-28 13:37:40', '2023-06-28 13:37:40', NULL, -1, -1, NULL),
(202, 75, '', '', '', '', '', '', '', '', '2023-06-28 13:37:48', '2023-06-28 13:37:48', NULL, -1, -1, NULL),
(203, 29, '', '', '', '', '', '', '', '', '2023-06-28 13:38:28', '2023-06-28 13:38:28', NULL, -1, -1, NULL),
(204, 109, '', '', '', '', '', '', '', '', '2023-06-28 13:39:44', '2023-06-28 13:39:44', NULL, -1, -1, NULL),
(205, 35, '', '', '', '', '', '', '', '', '2023-06-28 13:40:18', '2023-06-28 13:40:18', NULL, -1, -1, NULL),
(206, 6, '', '', '', '', '', '', '', '', '2023-06-28 13:40:31', '2023-06-28 13:40:31', NULL, -1, -1, NULL),
(207, 24, '', '', '', '', '', '', '', '', '2023-06-28 13:41:13', '2023-06-28 13:41:13', NULL, -1, -1, NULL),
(208, 32, '', '', '', '', '', '', '', '', '2023-06-28 13:41:29', '2023-06-28 13:41:29', NULL, -1, -1, NULL),
(209, 70, '', '', '', '', '', '', '', '', '2023-06-28 13:42:01', '2023-06-28 13:42:01', NULL, -1, -1, NULL),
(210, 70, '', '', '', '', '', '', '', '', '2023-06-28 13:42:18', '2023-06-28 13:42:18', NULL, -1, -1, NULL),
(211, 62, '', '', '', '', '', '', '', '', '2023-06-28 13:45:19', '2023-06-28 13:45:19', NULL, -1, -1, NULL),
(212, 58, '', '', '', '', '', '', '', '', '2023-06-28 13:46:02', '2023-06-28 13:46:02', NULL, -1, -1, NULL),
(213, 58, '', '', '', '', '', '', '', '', '2023-06-28 13:47:55', '2023-06-28 13:47:55', NULL, -1, -1, NULL),
(214, 134, '', '', '', '', '', '', '', '', '2023-06-28 13:50:26', '2023-06-28 13:50:26', NULL, -1, -1, NULL),
(215, 127, '', '', '', '', '', '', '', '', '2023-06-28 13:53:34', '2023-06-28 13:53:34', NULL, -1, -1, NULL),
(216, 107, '', '', '', '', '', '', '', '', '2023-06-28 13:56:31', '2023-06-28 13:56:31', NULL, -1, -1, NULL),
(217, 1, '', '', '', '', '', '', '', '', '2023-06-28 13:59:37', '2023-06-28 13:59:37', NULL, -1, -1, NULL),
(218, 13, '', '', '', '', '', '', '', '', '2023-06-28 14:12:02', '2023-06-28 14:12:02', NULL, -1, -1, NULL),
(219, 28, '', '', '', '', '', '', '', '', '2023-06-28 14:12:32', '2023-06-28 14:12:32', NULL, -1, -1, NULL),
(220, 81, '', '', '', '', '', '', '', '', '2023-06-28 14:13:48', '2023-06-28 14:13:48', NULL, -1, -1, NULL),
(221, 109, '', '', '', '', '', '', '', '', '2023-06-28 14:15:25', '2023-06-28 14:15:25', NULL, -1, -1, NULL),
(222, 108, '', '', '', '', '', '', '', '', '2023-06-28 14:15:33', '2023-06-28 14:15:33', NULL, -1, -1, NULL),
(223, 138, '', '', '', '', '', '', '', '', '2023-06-28 14:16:06', '2023-06-28 14:16:06', NULL, -1, -1, NULL),
(224, 34, '', '', '', '', '', '', '', '', '2023-06-28 14:16:49', '2023-06-28 14:16:49', NULL, -1, -1, NULL),
(225, 58, '', '', '', '', '', '', '', '', '2023-06-28 14:17:05', '2023-06-28 14:17:05', NULL, -1, -1, NULL),
(226, 73, '', '', '', '', '', '', '', '', '2023-06-28 14:20:04', '2023-06-28 14:20:04', NULL, -1, -1, NULL),
(227, 85, '', '', '', '', '', '', '', '', '2023-06-28 14:20:16', '2023-06-28 14:20:16', NULL, -1, -1, NULL),
(228, 72, '', '', '', '', '', '', '', '', '2023-06-28 14:20:36', '2023-06-28 14:20:36', NULL, -1, -1, NULL),
(229, 139, '', '', '', '', '', '', '', '', '2023-06-28 14:21:08', '2023-06-28 14:21:08', NULL, -1, -1, NULL),
(230, 39, '', '', '', '', '', '', '', '', '2023-06-28 14:21:44', '2023-06-28 14:21:44', NULL, -1, -1, NULL),
(231, 119, '', '', '', '', '', '', '', '', '2023-06-28 14:22:48', '2023-06-28 14:22:48', NULL, -1, -1, NULL),
(232, 131, '', '', '', '', '', '', '', '', '2023-06-28 14:24:47', '2023-06-28 14:24:47', NULL, -1, -1, NULL),
(233, 88, '134', '8', 'นาขยาด', '', 'พัทลุง', 'ควนขนุน', 'ไทย', '93110', '2023-06-28 15:23:46', '2023-06-28 15:23:46', NULL, -1, -1, NULL),
(234, 88, '134', '8', 'นาขยาด', '', 'พัทลุง', 'ควนขนุน', 'ไทย', '93110', '2023-06-28 15:24:38', '2023-06-28 15:24:38', NULL, -1, -1, NULL),
(235, 88, '134', '8', 'นาขยาด', '', 'พัทลุง', 'ควนขนุน', 'ไทย', '93110', '2023-06-28 15:25:36', '2023-06-28 15:25:36', NULL, -1, -1, NULL),
(236, 111, '', '', '', '', '', '', '', '', '2023-06-28 15:26:17', '2023-06-28 15:26:17', NULL, -1, -1, NULL),
(237, 84, '', '', '', '', '', '', '', '', '2023-06-28 15:28:56', '2023-06-28 15:28:56', NULL, -1, -1, NULL),
(238, 135, '', '', '', '', '', '', '', '', '2023-06-28 15:29:38', '2023-06-28 15:29:38', NULL, -1, -1, NULL),
(239, 5, '', '', '', '', '', '', '', '', '2023-06-28 15:29:56', '2023-06-28 15:29:56', NULL, -1, -1, NULL),
(240, 19, '', '', '', '', '', '', '', '', '2023-06-28 15:30:11', '2023-06-28 15:30:11', NULL, -1, -1, NULL),
(241, 25, '', '', '', '', '', '', '', '', '2023-06-28 15:31:02', '2023-06-28 15:31:02', NULL, -1, -1, NULL),
(242, 23, '', '', '', '', '', '', '', '', '2023-06-28 15:31:17', '2023-06-28 15:31:17', NULL, -1, -1, NULL),
(243, 48, '', '', '', '', '', '', '', '', '2023-06-28 15:31:47', '2023-06-28 15:31:47', NULL, -1, -1, NULL),
(244, 63, '', '', '', '', '', '', '', '', '2023-06-28 15:32:10', '2023-06-28 15:32:10', NULL, -1, -1, NULL),
(245, 123, '', '', '', '', '', '', '', '', '2023-06-28 15:32:44', '2023-06-28 15:32:44', NULL, -1, -1, NULL),
(246, 126, '', '', '', '', '', '', '', '', '2023-06-28 15:33:00', '2023-06-28 15:33:00', NULL, -1, -1, NULL),
(247, 130, '', '', '', '', '', '', '', '', '2023-06-28 15:33:12', '2023-06-28 15:33:12', NULL, -1, -1, NULL),
(248, 125, '', '', '', '', '', '', '', '', '2023-06-28 15:33:59', '2023-06-28 15:33:59', NULL, -1, -1, NULL),
(249, 130, '', '', '', '', '', '', '', '', '2023-06-28 15:35:15', '2023-06-28 15:35:15', NULL, -1, -1, NULL),
(250, 28, '', '', '', '', '', '', '', '', '2023-06-28 15:36:28', '2023-06-28 15:36:28', NULL, -1, -1, NULL),
(251, 6, '', '', '', '', '', '', '', '', '2023-06-28 15:37:43', '2023-06-28 15:37:43', NULL, -1, -1, NULL),
(252, 24, '', '', '', '', '', '', '', '', '2023-06-28 15:39:05', '2023-06-28 15:39:05', NULL, -1, -1, NULL),
(253, 108, '', '', '', '', '', '', '', '', '2023-06-28 15:40:14', '2023-06-28 15:40:14', NULL, -1, -1, NULL),
(254, 25, '', '', '', '', '', '', '', '', '2023-06-28 15:41:26', '2023-06-28 15:41:26', NULL, -1, -1, NULL),
(255, 23, '', '', '', '', '', '', '', '', '2023-06-28 15:42:36', '2023-06-28 15:42:36', NULL, -1, -1, NULL),
(256, 29, '', '', '', '', '', '', '', '', '2023-06-28 15:43:26', '2023-06-28 15:43:26', NULL, -1, -1, NULL),
(257, 34, '', '', '', '', '', '', '', '', '2023-06-28 15:44:36', '2023-06-28 15:44:36', NULL, -1, -1, NULL),
(258, 48, '', '', '', '', '', '', '', '', '2023-06-28 15:45:32', '2023-06-28 15:45:32', NULL, -1, -1, NULL),
(259, 63, '', '', '', '', '', '', '', '', '2023-06-28 15:46:30', '2023-06-28 15:46:30', NULL, -1, -1, NULL),
(260, 6, '108', '3', 'ลำปำ', '', 'พัทลุง', 'เมืองพัทลุง', 'ไทย', '93000', '2023-06-28 15:48:03', '2023-06-28 15:48:03', NULL, -1, -1, NULL),
(261, 5, '', '', '', '', '', '', '', '', '2023-06-28 15:49:08', '2023-06-28 15:49:08', NULL, -1, -1, NULL),
(262, 71, '', '', '', '', '', '', '', '', '2023-06-28 15:50:12', '2023-06-28 15:50:12', NULL, -1, -1, NULL),
(263, 72, '', '', '', '', '', '', '', '', '2023-06-28 15:50:56', '2023-06-28 15:50:56', NULL, -1, -1, NULL),
(264, 73, '', '', '', '', '', '', '', '', '2023-06-28 15:51:38', '2023-06-28 15:51:38', NULL, -1, -1, NULL),
(265, 75, '', '', '', '', '', '', '', '', '2023-06-28 15:52:19', '2023-06-28 15:52:19', NULL, -1, -1, NULL),
(266, 37, '', '', '', '', '', '', '', '', '2023-06-28 16:07:19', '2023-06-28 16:07:19', NULL, -1, -1, NULL),
(267, 1, '', '', '', '', '', '', '', '', '2023-06-28 16:08:18', '2023-06-28 16:08:18', NULL, -1, -1, NULL),
(268, 30, '', '', '', '', '', '', '', '', '2023-06-28 16:08:51', '2023-06-28 16:08:51', NULL, -1, -1, NULL),
(269, 6, '', '', '', '', '', '', '', '', '2023-06-28 16:09:52', '2023-06-28 16:09:52', NULL, -1, -1, NULL),
(270, 132, '', '', '', '', '', '', '', '', '2023-06-28 16:10:49', '2023-06-28 16:10:49', NULL, -1, -1, NULL),
(271, 131, '', '', '', '', '', '', '', '', '2023-06-28 16:11:45', '2023-06-28 16:11:45', NULL, -1, -1, NULL),
(272, 138, '', '', '', '', '', '', '', '', '2023-06-28 16:12:40', '2023-06-28 16:12:40', NULL, -1, -1, NULL),
(273, 139, '', '', '', '', '', '', '', '', '2023-06-28 16:13:35', '2023-06-28 16:13:35', NULL, -1, -1, NULL),
(274, 1, '', '', '', '', '', '', '', '', '2023-06-28 21:05:12', '2023-06-28 21:05:12', NULL, -1, -1, NULL),
(275, 124, '', '', '', '', '', '', '', '', '2023-06-29 13:56:09', '2023-06-29 13:56:09', NULL, -1, -1, NULL),
(276, 13, '', '', '', '', '', '', '', '', '2023-06-29 14:06:47', '2023-06-29 14:06:47', NULL, -1, -1, NULL),
(277, 40, '', '', '', '', '', '', '', '', '2023-06-29 14:29:17', '2023-06-29 14:29:17', NULL, -1, -1, NULL),
(278, 50, '', '', '', '', '', '', '', '', '2023-06-29 15:09:43', '2023-06-29 15:09:43', NULL, -1, -1, NULL),
(279, 85, '', '', '', '', '', '', '', '', '2023-06-29 15:09:52', '2023-06-29 15:09:52', NULL, -1, -1, NULL),
(280, 40, '', '', '', '', '', '', '', '', '2023-06-29 15:21:40', '2023-06-29 15:21:40', NULL, -1, -1, NULL);

-- --------------------------------------------------------

--
-- Table structure for table `DeductionItems`
--

CREATE TABLE `DeductionItems` (
  `DeductionItemId` int NOT NULL,
  `DeductionId` int NOT NULL,
  `PropertyTypeId` int NOT NULL,
  `CalculationRule` varchar(100) DEFAULT NULL,
  `MaximumValue` float DEFAULT NULL,
  `DateCreated` datetime NOT NULL,
  `DateModified` datetime NOT NULL,
  `DateDeleted` datetime DEFAULT NULL,
  `CreatedBy` int NOT NULL DEFAULT '-1',
  `ModifiedBy` int NOT NULL DEFAULT '-1',
  `DeletedBy` int DEFAULT NULL
) ENGINE=MyISAM DEFAULT CHARSET=tis620;

--
-- Dumping data for table `DeductionItems`
--

INSERT INTO `DeductionItems` (`DeductionItemId`, `DeductionId`, `PropertyTypeId`, `CalculationRule`, `MaximumValue`, `DateCreated`, `DateModified`, `DateDeleted`, `CreatedBy`, `ModifiedBy`, `DeletedBy`) VALUES
(1, 1, 11, '3%', 1200, '2023-06-04 08:52:37', '2023-06-04 08:52:37', NULL, -1, -1, NULL),
(2, 1, 12, NULL, NULL, '2023-06-04 08:52:37', '2023-06-04 08:52:37', NULL, -1, -1, NULL),
(3, 1, 13, NULL, NULL, '2023-06-04 08:52:37', '2023-06-04 08:52:37', NULL, -1, -1, NULL),
(4, 1, 14, NULL, NULL, '2023-06-04 08:52:37', '2023-06-04 08:52:37', NULL, -1, -1, NULL),
(5, 1, 15, NULL, NULL, '2023-06-04 08:52:37', '2023-06-04 08:52:37', NULL, -1, -1, NULL),
(6, 1, 16, NULL, NULL, '2023-06-04 08:52:37', '2023-06-04 08:52:37', NULL, -1, -1, NULL),
(7, 1, 17, NULL, NULL, '2023-06-04 08:52:37', '2023-06-04 08:52:37', NULL, -1, -1, NULL),
(8, 1, 18, NULL, NULL, '2023-06-04 08:52:37', '2023-06-04 08:52:37', NULL, -1, -1, NULL),
(9, 2, 19, NULL, 750, '2023-06-04 08:52:37', '2023-06-04 08:52:37', NULL, -1, -1, NULL),
(10, 2, 18, NULL, NULL, '2023-06-04 08:52:37', '2023-06-04 08:52:37', NULL, -1, -1, NULL),
(11, 2, 17, NULL, NULL, '2023-06-04 08:52:37', '2023-06-04 08:52:37', NULL, -1, -1, NULL),
(12, 2, 20, NULL, NULL, '2023-06-04 08:52:37', '2023-06-04 08:52:37', NULL, -1, -1, NULL);

-- --------------------------------------------------------

--
-- Table structure for table `Deductions`
--

CREATE TABLE `Deductions` (
  `DeductionId` int NOT NULL,
  `DeductionTypeId` int NOT NULL,
  `DeductionName` varchar(100) NOT NULL,
  `DeductionThaiName` varchar(100) NOT NULL,
  `DateCreated` datetime NOT NULL,
  `DateModified` datetime NOT NULL,
  `DateDeleted` datetime DEFAULT NULL,
  `CreatedBy` int NOT NULL DEFAULT '-1',
  `ModifiedBy` int NOT NULL DEFAULT '-1',
  `DeletedBy` int DEFAULT NULL
) ENGINE=MyISAM DEFAULT CHARSET=tis620;

--
-- Dumping data for table `Deductions`
--

INSERT INTO `Deductions` (`DeductionId`, `DeductionTypeId`, `DeductionName`, `DeductionThaiName`, `DateCreated`, `DateModified`, `DateDeleted`, `CreatedBy`, `ModifiedBy`, `DeletedBy`) VALUES
(1, 3, 'Teacher salary deduction rules', 'กฏหักเงินเดือนครูบรรจุ', '2023-06-04 08:52:37', '2023-06-04 08:52:37', NULL, -1, -1, NULL),
(2, 4, 'Staff salary deduction rules', 'กฏหักเงินเดือนลูกจ้าง', '2023-06-04 08:52:37', '2023-06-04 08:52:37', NULL, -1, -1, NULL);

-- --------------------------------------------------------

--
-- Table structure for table `Employees`
--

CREATE TABLE `Employees` (
  `EmployeeId` int NOT NULL,
  `EmployeeTypeId` int NOT NULL,
  `AccountId` varchar(50) NOT NULL,
  `GenderId` int NOT NULL,
  `FirstName` varchar(50) NOT NULL,
  `LastName` varchar(50) NOT NULL,
  `IdentificationCardId` varchar(50) CHARACTER SET tis620 COLLATE tis620_thai_ci NOT NULL,
  `BirthDate` date NOT NULL,
  `JoinDate` date NOT NULL,
  `Image` varchar(100) DEFAULT NULL,
  `Salary` float NOT NULL DEFAULT '0',
  `PositionSalary` float NOT NULL DEFAULT '0',
  `DateCreated` datetime NOT NULL,
  `DateModified` datetime NOT NULL,
  `DateDeleted` datetime DEFAULT NULL,
  `CreatedBy` int NOT NULL DEFAULT '-1',
  `ModifiedBy` int NOT NULL DEFAULT '-1',
  `DeletedBy` int DEFAULT NULL,
  `CoopMember` int DEFAULT NULL
) ENGINE=MyISAM DEFAULT CHARSET=tis620;

--
-- Dumping data for table `Employees`
--

INSERT INTO `Employees` (`EmployeeId`, `EmployeeTypeId`, `AccountId`, `GenderId`, `FirstName`, `LastName`, `IdentificationCardId`, `BirthDate`, `JoinDate`, `Image`, `Salary`, `PositionSalary`, `DateCreated`, `DateModified`, `DateDeleted`, `CreatedBy`, `ModifiedBy`, `DeletedBy`, `CoopMember`) VALUES
(1, 3, '9080564141', 8, 'อาลิสา', 'อับดุลลาห์', '', '1990-06-29', '2022-10-30', 'messageImage_1687943285650.jpg', 19408, 0, '2023-06-27 19:16:42', '2023-06-28 21:05:12', NULL, -1, -1, NULL, 1),
(2, 3, '9081611305', 9, 'นิภา', 'ทองสุข', '', '1966-03-21', '1997-01-02', 'LINE_ALBUM_รูปถ่ายจัดทำข้อมูลระบบเงินเดือน_๒๓๐๖.jpg', 30963, 0, '2023-06-27 19:16:42', '2023-06-28 11:48:19', NULL, -1, -1, NULL, 1),
(3, 3, '9080719854', 9, 'วรรณา', 'พรหมแก้ว', '', '0000-00-00', '0000-00-00', 'null', 20100, 0, '2023-06-27 19:16:42', '2023-06-28 09:42:02', NULL, -1, -1, NULL, 1),
(4, 3, '9080779954', 8, 'สิริกร', 'ศรีโยธา', '', '0000-00-00', '0000-00-00', 'null', 17700, 0, '2023-06-27 19:16:42', '2023-06-28 09:42:10', NULL, -1, -1, NULL, 1),
(5, 3, '9081922440', 9, 'ณาตยา', 'ไชยศรียา', '', '0000-00-00', '0000-00-00', 'messageImage_1687942135868.jpg', 25172, 0, '2023-06-27 19:16:42', '2023-06-28 15:49:08', NULL, -1, -1, NULL, 1),
(6, 3, '9080453501', 9, 'จรรยา', 'รักสองหมื่น', '5930100041097', '1975-04-11', '2007-01-07', 'messageImage_1687943372972.jpg', 22308, 0, '2023-06-27 19:16:42', '2023-06-28 16:09:52', NULL, -1, -1, NULL, 1),
(7, 3, '9080611832', 8, 'พรรณี', 'สิงหมงคล', '', '0000-00-00', '0000-00-00', 'null', 21300, 0, '2023-06-27 19:16:42', '2023-06-28 09:42:41', NULL, -1, -1, NULL, 1),
(8, 3, '9081823272', 9, 'วรรณา', 'เพชรกาศ', '', '0000-00-00', '0000-00-00', 'null', 31071, 0, '2023-06-27 19:16:42', '2023-06-28 09:42:50', NULL, -1, -1, NULL, 1),
(9, 3, '9080546038', 10, 'จตุพล', 'บุญปล้อง', '', '0000-00-00', '0000-00-00', 'null', 60000, 0, '2023-06-27 19:16:42', '2023-06-28 09:42:57', NULL, -1, -1, NULL, 1),
(10, 3, '9080321729', 8, 'ศศิกาญจน์', 'จันทร์ดำ', '', '0000-00-00', '0000-00-00', 'null', 28971, 0, '2023-06-27 19:16:42', '2023-06-28 09:43:06', NULL, -1, -1, NULL, 1),
(11, 3, '9080287571', 10, 'ทวี', 'ดำเอี่ยม', '', '0000-00-00', '0000-00-00', 'null', 24580, 0, '2023-06-27 19:16:42', '2023-06-28 09:43:18', NULL, -1, -1, NULL, NULL),
(12, 3, '9080767883', 9, 'อภิญญา', 'วรรณรัตน์', '', '0000-00-00', '0000-00-00', 'null', 19700, 0, '2023-06-27 19:16:42', '2023-06-28 09:43:26', NULL, -1, -1, NULL, NULL),
(13, 3, '9080767867', 9, 'กัลยา', 'วุ่นบุญชู', '', '0000-00-00', '0000-00-00', 'LINE_ALBUM_รูปถ่ายจัดทำข้อมูลระบบเงินเดือน_๒๓๐๖_18.jpg', 18850, 0, '2023-06-27 19:16:42', '2023-06-29 14:06:47', NULL, -1, -1, NULL, NULL),
(14, 3, '9080726303', 10, 'คมกริช', 'ด้วงทอง', '', '0000-00-00', '0000-00-00', 'null', 18800, 0, '2023-06-27 19:16:42', '2023-06-28 09:43:40', NULL, -1, -1, NULL, NULL),
(15, 3, '9080657549', 9, 'อมราวดี', 'เพชรรักษ์', '', '0000-00-00', '0000-00-00', 'null', 19500, 0, '2023-06-27 19:16:42', '2023-06-28 09:43:46', NULL, -1, -1, NULL, NULL),
(16, 3, '9080283517', 8, 'วัลภา', 'หวังสวัสดิ์', '', '0000-00-00', '0000-00-00', 'null', 20050, 0, '2023-06-27 19:16:42', '2023-06-28 09:44:00', NULL, -1, -1, NULL, NULL),
(17, 3, '9080283673', 9, 'นงนภัส', 'ไกรดิษฐ์', '', '0000-00-00', '0000-00-00', 'LINE_ALBUM_รูปถ่ายจัดทำข้อมูลระบบเงินเดือน_๒๓๐๖_3.jpg', 19750, 0, '2023-06-27 19:16:42', '2023-06-28 13:36:35', NULL, -1, -1, NULL, NULL),
(18, 3, '9080726435', 9, 'ถมยา', 'อัณฑยานนท์', '', '0000-00-00', '0000-00-00', 'null', 21250, 0, '2023-06-27 19:16:42', '2023-06-28 09:44:57', NULL, -1, -1, NULL, NULL),
(19, 3, '9080913022', 10, 'ศักรินทร์', 'บุญปล้อง', '', '0000-00-00', '0000-00-00', 'LINE_ALBUM_รูปถ่ายจัดทำข้อมูลระบบเงินเดือน_๒๓๐๖_36.jpg', 42233, 0, '2023-06-27 19:16:42', '2023-06-28 15:30:11', NULL, -1, -1, NULL, NULL),
(20, 3, '9081558188', 9, 'ยวนตา', 'เกตุเรน', '', '0000-00-00', '0000-00-00', 'null', 18950, 0, '2023-06-27 19:16:42', '2023-06-28 09:45:13', NULL, -1, -1, NULL, NULL),
(21, 3, '9080928518', 10, 'สมยศ', 'ทองเอียด', '', '0000-00-00', '0000-00-00', 'null', 18600, 0, '2023-06-27 19:16:42', '2023-06-28 09:45:22', NULL, -1, -1, NULL, NULL),
(22, 3, '9080947598', 10, 'ปิยพงษ์', 'เทพขาว', '', '0000-00-00', '0000-00-00', 'null', 17500, 0, '2023-06-27 19:16:42', '2023-06-28 09:45:31', NULL, -1, -1, NULL, NULL),
(23, 3, '9080959782', 8, 'ทิพย์อาภา', 'เพชรตีบ', '', '0000-00-00', '0000-00-00', 'messageImage_1687941741579.jpg', 17400, 0, '2023-06-27 19:16:42', '2023-06-28 15:42:36', NULL, -1, -1, NULL, NULL),
(24, 3, '9080958891', 9, 'อรอุรา', 'รักษ์จำรูญ', '', '0000-00-00', '0000-00-00', 'messageImage_1687941525586.jpg', 17200, 0, '2023-06-27 19:16:42', '2023-06-28 15:39:05', NULL, -1, -1, NULL, NULL),
(25, 3, '9080965154', 9, 'หยาดพิรุณ', 'บุญปล้อง', '', '0000-00-00', '0000-00-00', 'messageImage_1687941659729.jpg', 19200, 0, '2023-06-27 19:16:42', '2023-06-28 15:41:26', NULL, -1, -1, NULL, NULL),
(26, 3, '9083007472', 10, 'ธนากรณ์', 'คงฤทธิ์', '', '0000-00-00', '0000-00-00', 'null', 17800, 0, '2023-06-27 19:16:42', '2023-06-28 09:46:05', NULL, -1, -1, NULL, NULL),
(27, 3, '9083046397', 8, 'รัชนก', 'สันซัง', '', '0000-00-00', '0000-00-00', 'null', 16900, 0, '2023-06-27 19:16:42', '2023-06-28 09:46:11', NULL, -1, -1, NULL, NULL),
(28, 3, '9083057429', 8, 'อัครวรา', 'สุวรรณจินดา', '', '0000-00-00', '0000-00-00', 'messageImage_1687941365348.jpg', 17100, 0, '2023-06-27 19:16:42', '2023-06-28 15:36:28', NULL, -1, -1, NULL, NULL),
(29, 3, '9080743089', 9, 'ยุพิน', 'บุญสนิท', '', '0000-00-00', '0000-00-00', 'messageImage_1687941793702.jpg', 17400, 0, '2023-06-27 19:16:42', '2023-06-28 15:43:26', NULL, -1, -1, NULL, NULL),
(30, 3, '9080541974', 8, 'ญาณกาญจน์', 'แสงขำ', '', '0000-00-00', '0000-00-00', 'LINE_ALBUM_รูปถ่ายจัดทำข้อมูลระบบเงินเดือน_๒๓๐๖_43.jpg', 16800, 0, '2023-06-27 19:16:42', '2023-06-28 16:08:51', NULL, -1, -1, NULL, NULL),
(31, 3, '9083091090', 8, 'อมลวรรณ', 'นวลละออง', '', '0000-00-00', '0000-00-00', 'null', 16400, 0, '2023-06-27 19:16:42', '2023-06-28 09:46:47', NULL, -1, -1, NULL, NULL),
(32, 3, '9083099229', 9, 'พัฒน์วดี', 'พลายหนู', '', '0000-00-00', '0000-00-00', 'LINE_ALBUM_รูปถ่ายจัดทำข้อมูลระบบเงินเดือน_๒๓๐๖_9.jpg', 16600, 0, '2023-06-27 19:16:42', '2023-06-28 13:41:29', NULL, -1, -1, NULL, NULL),
(33, 3, '9083099210', 8, 'นันทวัน', 'พันธุกาล', '', '0000-00-00', '0000-00-00', 'null', 16450, 0, '2023-06-27 19:16:42', '2023-06-28 09:47:03', NULL, -1, -1, NULL, NULL),
(34, 3, '9570442433', 8, 'พิชารัฐ', 'แกล้วทนงค์', '', '0000-00-00', '0000-00-00', 'messageImage_1687941853843.jpg', 16600, 0, '2023-06-27 19:16:42', '2023-06-28 15:44:36', NULL, -1, -1, NULL, NULL),
(35, 3, '9083117588', 8, 'ศศิธร', 'มุสิกะ', '', '0000-00-00', '0000-00-00', 'LINE_ALBUM_รูปถ่ายจัดทำข้อมูลระบบเงินเดือน_๒๓๐๖_1.jpg', 16300, 0, '2023-06-27 19:16:42', '2023-06-28 13:40:18', NULL, -1, -1, NULL, NULL),
(36, 3, '6781789511', 8, 'มลฤดี', 'ศีลบุตร', '', '0000-00-00', '0000-00-00', 'null', 15500, 0, '2023-06-27 19:16:42', '2023-06-28 09:47:28', NULL, -1, -1, NULL, NULL),
(37, 3, '6782416980', 8, 'ศกลวรรณ', 'แสงศรี', '', '0000-00-00', '0000-00-00', 'S__1753095.jpg', 16350, 0, '2023-06-27 19:16:42', '2023-06-28 16:07:19', NULL, -1, -1, NULL, NULL),
(38, 3, '9570473703', 9, 'สุชาดา', 'คงวุ่น', '', '0000-00-00', '0000-00-00', 'null', 16200, 0, '2023-06-27 19:16:42', '2023-06-28 09:47:45', NULL, -1, -1, NULL, NULL),
(39, 3, '9570205296', 9, 'นิลญา', 'แก้วกลม', '', '0000-00-00', '0000-00-00', 'LINE_ALBUM_รูปถ่ายจัดทำข้อมูลระบบเงินเดือน_๒๓๐๖_23.jpg', 15900, 0, '2023-06-27 19:16:42', '2023-06-28 14:21:44', NULL, -1, -1, NULL, NULL),
(40, 3, '9811834504', 10, 'กษิดิศ', 'ศักดาณรงค์', '', '0000-00-00', '0000-00-00', 'null', 16200, 0, '2023-06-27 19:16:42', '2023-06-29 15:21:40', NULL, -1, -1, NULL, NULL),
(41, 3, '9083120333', 10, 'วชญธร', 'จันทร์เมือง', '', '0000-00-00', '0000-00-00', 'null', 16200, 0, '2023-06-27 19:16:42', '2023-06-28 09:48:08', NULL, -1, -1, NULL, NULL),
(42, 3, '9570106778', 9, 'จุฑารัตน์', 'สายชล', '', '0000-00-00', '0000-00-00', 'null', 16400, 0, '2023-06-27 19:16:42', '2023-06-28 09:48:25', NULL, -1, -1, NULL, NULL),
(43, 3, '9083138496', 9, 'เสาวณี', 'อินฉ่ำ', '', '0000-00-00', '0000-00-00', 'null', 25727, 0, '2023-06-27 19:16:42', '2023-06-28 09:48:33', NULL, -1, -1, NULL, NULL),
(44, 3, '9080714615', 8, 'สุนันทา', 'สงคราม', '', '0000-00-00', '0000-00-00', 'null', 16100, 0, '2023-06-27 19:16:42', '2023-06-28 09:48:40', NULL, -1, -1, NULL, NULL),
(45, 3, '9570498455', 8, 'นฤมล', 'ทับไซย์', '', '0000-00-00', '0000-00-00', 'null', 15500, 0, '2023-06-27 19:16:42', '2023-06-28 09:48:48', NULL, -1, -1, NULL, NULL),
(46, 3, '9083129640', 8, 'นีรนุช', 'ศรีทัยแก้ว', '', '0000-00-00', '0000-00-00', 'null', 16200, 0, '2023-06-27 19:16:42', '2023-06-28 09:48:56', NULL, -1, -1, NULL, NULL),
(47, 3, '9570470860', 8, 'ณัฐณิชา', 'เมืองศรี', '', '0000-00-00', '0000-00-00', 'null', 16200, 0, '2023-06-27 19:16:42', '2023-06-28 09:49:03', NULL, -1, -1, NULL, NULL),
(48, 3, '9083151069', 8, 'วารุณี', 'วงศ์สิงห์', '', '0000-00-00', '0000-00-00', 'messageImage_1687941917088.jpg', 16200, 0, '2023-06-27 19:16:42', '2023-06-28 15:45:32', NULL, -1, -1, NULL, NULL),
(49, 3, '6785655528', 10, 'วรพล', 'เรืองทอง', '', '0000-00-00', '0000-00-00', 'null', 15900, 0, '2023-06-27 19:16:42', '2023-06-28 09:49:18', NULL, -1, -1, NULL, NULL),
(50, 3, '9570501154', 8, 'รัชนี', 'แสงมิ่ง', '', '0000-00-00', '0000-00-00', 'null', 16200, 0, '2023-06-27 19:16:42', '2023-06-29 15:09:43', NULL, -1, -1, NULL, NULL),
(51, 3, '9080251038', 8, 'สาวิตรี', 'ชูสังข์', '', '0000-00-00', '0000-00-00', 'null', 15900, 0, '2023-06-27 19:16:42', '2023-06-28 09:49:33', NULL, -1, -1, NULL, NULL),
(52, 3, '9080592854', 9, 'นวรัตน์', 'คงฤทธิ์', '', '0000-00-00', '0000-00-00', 'null', 15800, 0, '2023-06-27 19:16:42', '2023-06-28 09:49:39', NULL, -1, -1, NULL, NULL),
(53, 3, '9570534591', 8, 'วัชราภรณ์', 'ช่วยบำรุง', '', '0000-00-00', '0000-00-00', 'null', 15900, 0, '2023-06-27 19:16:42', '2023-06-28 09:49:46', NULL, -1, -1, NULL, NULL),
(54, 3, '9570536128', 8, 'ขนิษฐา', 'หนูรอด', '', '0000-00-00', '0000-00-00', 'null', 15700, 0, '2023-06-27 19:16:42', '2023-06-28 09:49:52', NULL, -1, -1, NULL, NULL),
(55, 3, '9080547069', 9, 'ณัฐกานต์', 'จันทร์เอียด', '', '0000-00-00', '0000-00-00', 'null', 15700, 0, '2023-06-27 19:16:42', '2023-06-28 09:50:02', NULL, -1, -1, NULL, NULL),
(56, 3, '9080917214', 9, 'ศศิวิมล', 'ศิริอนันต์', '', '0000-00-00', '0000-00-00', 'null', 15800, 0, '2023-06-27 19:16:42', '2023-06-28 09:50:11', NULL, -1, -1, NULL, NULL),
(57, 3, '9083133915', 8, 'จุไรพร', 'บัวทอง', '', '0000-00-00', '0000-00-00', 'null', 15500, 0, '2023-06-27 19:16:42', '2023-06-28 09:50:20', NULL, -1, -1, NULL, NULL),
(58, 3, '9570477539', 8, 'กนกวรรณ', 'เกตุนิ่ม', '', '0000-00-00', '0000-00-00', 'messageImage_1687934852056.jpg', 15800, 0, '2023-06-27 19:16:42', '2023-06-28 14:17:05', NULL, -1, -1, NULL, NULL),
(59, 3, '6797329957', 8, 'ธารนภา', 'พุฒสม', '', '0000-00-00', '0000-00-00', 'LINE_ALBUM_รูปถ่ายจัดทำข้อมูลระบบเงินเดือน_๒๓๐๖_5.jpg', 15500, 0, '2023-06-27 19:16:42', '2023-06-28 13:37:15', NULL, -1, -1, NULL, NULL),
(60, 3, '9210098013', 8, 'นภาวี', 'ทองเอม', '', '0000-00-00', '0000-00-00', 'null', 15800, 0, '2023-06-27 19:16:42', '2023-06-28 09:50:59', NULL, -1, -1, NULL, NULL),
(61, 3, '6798128297', 10, 'เอกพงศ์', 'พุฒจอก', '', '0000-00-00', '0000-00-00', 'null', 15500, 0, '2023-06-27 19:16:42', '2023-06-28 09:51:13', NULL, -1, -1, NULL, NULL),
(62, 3, '9570534222', 9, 'พิกุล', 'บุญปล้อง', '', '0000-00-00', '0000-00-00', 'LINE_ALBUM_รูปถ่ายจัดทำข้อมูลระบบเงินเดือน_๒๓๐๖_12.jpg', 62000, 0, '2023-06-27 19:16:42', '2023-06-28 13:45:19', NULL, -1, -1, NULL, NULL),
(63, 3, '9570246146', 8, 'สุกัญญา', 'แก้วหนู', '', '0000-00-00', '0000-00-00', 'messageImage_1687941978579.jpg', 15800, 0, '2023-06-27 19:16:42', '2023-06-28 15:46:30', NULL, -1, -1, NULL, NULL),
(64, 3, '9570560517', 8, 'จุฑาภัคสิณี', 'จีนชาวนา', '', '0000-00-00', '0000-00-00', 'null', 15900, 0, '2023-06-27 19:16:42', '2023-06-28 09:51:43', NULL, -1, -1, NULL, NULL),
(65, 3, '9570533919', 8, 'ปัทมวรรณ', 'กิ้มแก้ว', '', '0000-00-00', '0000-00-00', 'null', 16200, 0, '2023-06-27 19:16:42', '2023-06-28 09:51:50', NULL, -1, -1, NULL, NULL),
(66, 3, '9083156850', 8, 'ปัณฑารีย์', 'อ่อนรักษ์', '', '0000-00-00', '0000-00-00', 'null', 15800, 0, '2023-06-27 19:16:42', '2023-06-28 09:52:04', NULL, -1, -1, NULL, NULL),
(67, 3, '6602452355', 8, 'ธัญรดา', 'เพ็งหนู', '', '0000-00-00', '0000-00-00', 'null', 16100, 0, '2023-06-27 19:16:42', '2023-06-28 09:52:10', NULL, -1, -1, NULL, NULL),
(68, 3, '9570560657', 10, 'วีระยุทธ', 'หนูแหลม', '', '0000-00-00', '0000-00-00', 'null', 15900, 0, '2023-06-27 19:16:42', '2023-06-28 09:52:17', NULL, -1, -1, NULL, NULL),
(69, 3, '9083180301', 8, 'เจนจิราพร', 'ต๊ะน้ำอ่าง', '', '0000-00-00', '0000-00-00', 'null', 15800, 0, '2023-06-27 19:16:42', '2023-06-28 09:52:22', NULL, -1, -1, NULL, NULL),
(70, 3, '9083190757', 8, 'ณฐนันทน์', 'สิงหมงคล', '', '0000-00-00', '0000-00-00', 'LINE_ALBUM_รูปถ่ายจัดทำข้อมูลระบบเงินเดือน_๒๓๐๖_11.jpg', 15800, 0, '2023-06-27 19:16:42', '2023-06-28 13:42:18', NULL, -1, -1, NULL, NULL),
(71, 3, '9083190633', 8, 'เจนจิรา', 'คงวัน', '', '0000-00-00', '0000-00-00', 'messageImage_1687942197455.jpg', 16300, 0, '2023-06-27 19:16:42', '2023-06-28 15:50:12', NULL, -1, -1, NULL, NULL),
(72, 3, '9080276251', 8, 'พัชรี', 'จีนเมือง', '', '0000-00-00', '0000-00-00', 'messageImage_1687942244893.jpg', 15600, 0, '2023-06-27 19:16:42', '2023-06-28 15:50:56', NULL, -1, -1, NULL, NULL),
(73, 3, '9570471298', 10, 'อรรถพร', 'พรหมบุญแก้ว', '', '0000-00-00', '0000-00-00', 'messageImage_1687942288394.jpg', 15700, 0, '2023-06-27 19:16:42', '2023-06-28 15:51:38', NULL, -1, -1, NULL, NULL),
(74, 3, '6604493121', 8, 'กมลวรรณ', 'แก้วกระจาย', '', '0000-00-00', '0000-00-00', 'null', 15500, 0, '2023-06-27 19:16:42', '2023-06-28 09:53:28', NULL, -1, -1, NULL, NULL),
(75, 3, '9570596422', 8, 'สิริกุล', 'คงจร', '', '0000-00-00', '0000-00-00', 'messageImage_1687942327387.jpg', 15500, 0, '2023-06-27 19:16:42', '2023-06-28 15:52:19', NULL, -1, -1, NULL, NULL),
(76, 3, '6605476751', 8, 'ธัญญาทิพย์', 'มากคำ', '', '0000-00-00', '0000-00-00', 'null', 15800, 0, '2023-06-27 19:16:42', '2023-06-28 09:53:43', NULL, -1, -1, NULL, NULL),
(77, 3, '9210355229', 8, 'ณัฐริกา', 'ชูใหม่', '', '0000-00-00', '0000-00-00', 'null', 15400, 0, '2023-06-27 19:16:42', '2023-06-28 09:53:50', NULL, -1, -1, NULL, NULL),
(78, 3, '9080930539', 8, 'ปาริชาติ', 'ปานเขียว', '', '0000-00-00', '0000-00-00', 'null', 15500, 0, '2023-06-27 19:16:42', '2023-06-28 09:53:59', NULL, -1, -1, NULL, NULL),
(79, 3, '9210303970', 8, 'วลัยลักษณ์', 'แก่นจันทร์', '', '0000-00-00', '0000-00-00', 'null', 15300, 0, '2023-06-27 19:16:42', '2023-06-28 09:54:05', NULL, -1, -1, NULL, NULL),
(80, 3, '6612684976', 10, 'ภราดร', 'พรมเกิด', '', '0000-00-00', '0000-00-00', 'null', 15600, 0, '2023-06-27 19:16:42', '2023-06-28 09:54:11', NULL, -1, -1, NULL, NULL),
(81, 3, '9083230031', 8, 'ซูไรด้า', 'ระเด่น', '', '0000-00-00', '0000-00-00', 'LINE_ALBUM_รูปถ่ายจัดทำข้อมูลระบบเงินเดือน_๒๓๐๖_21.jpg', 15500, 0, '2023-06-27 19:16:42', '2023-06-28 14:13:48', NULL, -1, -1, NULL, NULL),
(82, 3, '6612726156', 8, 'นารีรัตน์', 'หรุดคง', '', '0000-00-00', '0000-00-00', 'null', 15400, 0, '2023-06-27 19:16:42', '2023-06-28 09:54:25', NULL, -1, -1, NULL, NULL),
(83, 3, '9083229955', 8, 'นัยน์สร', 'ยอมรัญจวน', '', '0000-00-00', '0000-00-00', 'null', 15400, 0, '2023-06-27 19:16:42', '2023-06-28 09:54:31', NULL, -1, -1, NULL, NULL),
(84, 3, '9083229807', 8, 'ธณัชชา', 'เอียดสุดรักษ์', '', '0000-00-00', '0000-00-00', 'LINE_ALBUM_รูปถ่ายจัดทำข้อมูลระบบเงินเดือน_๒๓๐๖_40.jpg', 16300, 0, '2023-06-27 19:16:42', '2023-06-28 15:28:56', NULL, -1, -1, NULL, NULL),
(85, 3, '9841162407', 10, 'นลธวัช', 'เทพแก้ว', '', '0000-00-00', '0000-00-00', 'LINE_ALBUM_รูปถ่ายจัดทำข้อมูลระบบเงินเดือน_๒๓๐๖_26.jpg', 15500, 0, '2023-06-27 19:16:42', '2023-06-29 15:09:52', NULL, -1, -1, NULL, NULL),
(86, 3, '9083235335', 8, 'พรน้ำทิพย์', 'หิรัญชาติ', '', '0000-00-00', '0000-00-00', 'null', 15500, 0, '2023-06-27 19:16:42', '2023-06-28 09:57:39', NULL, -1, -1, NULL, NULL),
(87, 3, '9570316012', 8, 'สาวิตรี', 'ราชเล็ก', '', '0000-00-00', '0000-00-00', 'null', 16300, 0, '2023-06-27 19:16:42', '2023-06-28 09:57:52', NULL, -1, -1, NULL, NULL),
(88, 3, '9833741037', 8, 'สุดารัตน์', 'พุดปลอด', '1931000012506', '1994-11-24', '2020-11-30', 'messageImage_1687919085629.jpg', 15500, 0, '2023-06-27 19:16:42', '2023-06-28 15:25:36', NULL, -1, -1, NULL, NULL),
(89, 3, '9570176830', 10, 'ปิยะพงษ์', 'สีทับ', '', '0000-00-00', '0000-00-00', 'null', 15300, 0, '2023-06-27 19:16:42', '2023-06-28 09:57:59', NULL, -1, -1, NULL, NULL),
(90, 3, '9083198766', 8, 'อัจฉณา', 'จันทร์แป้น', '', '0000-00-00', '0000-00-00', 'null', 15500, 0, '2023-06-27 19:16:42', '2023-06-28 10:00:25', NULL, -1, -1, NULL, NULL),
(91, 3, '9570565543', 8, 'อัจฉราวดี', 'สุขทอง', '', '0000-00-00', '0000-00-00', 'null', 15400, 0, '2023-06-27 19:16:42', '2023-06-28 10:00:34', NULL, -1, -1, NULL, NULL),
(92, 3, '9570616628', 8, 'รัชนก', 'พุทธพิทักษ์', '', '0000-00-00', '0000-00-00', 'null', 15500, 0, '2023-06-27 19:16:42', '2023-06-28 10:00:41', NULL, -1, -1, NULL, NULL),
(93, 3, '9080469394', 8, 'ภัทรวดี', 'ไล่กสิกรรม', '', '0000-00-00', '0000-00-00', 'null', 15000, 0, '2023-06-27 19:16:42', '2023-06-28 10:00:47', NULL, -1, -1, NULL, NULL),
(94, 3, '4870429012', 8, 'วราภรณ์', 'อินทรบุตร', '', '0000-00-00', '0000-00-00', 'null', 15000, 0, '2023-06-27 19:16:42', '2023-06-28 10:00:53', NULL, -1, -1, NULL, NULL),
(95, 3, '9210307887', 8, 'เมธิณี', 'เรืองแก้ว', '', '0000-00-00', '0000-00-00', 'null', 15000, 0, '2023-06-27 19:16:42', '2023-06-28 10:01:01', NULL, -1, -1, NULL, NULL),
(96, 3, '9570623683', 8, 'ชนางรัก', 'นุ่นศรี', '', '0000-00-00', '0000-00-00', 'null', 15000, 0, '2023-06-27 19:16:42', '2023-06-28 10:01:07', NULL, -1, -1, NULL, NULL),
(97, 3, '8160759932', 10, 'เจตริน', 'ชูหว่าง', '', '0000-00-00', '0000-00-00', 'null', 15000, 0, '2023-06-27 19:16:42', '2023-06-28 10:01:21', NULL, -1, -1, NULL, NULL),
(98, 3, '6782787288', 8, 'ณัฐวรา', 'คล้ายแก้ว', '', '0000-00-00', '0000-00-00', 'null', 15000, 0, '2023-06-27 19:16:42', '2023-06-28 10:01:29', NULL, -1, -1, NULL, NULL),
(99, 3, '9848409742', 8, 'สุภาวดี', 'สุขทอง', '', '0000-00-00', '0000-00-00', 'null', 15000, 0, '2023-06-27 19:16:42', '2023-06-28 10:01:38', NULL, -1, -1, NULL, NULL),
(100, 3, '9862594756', 8, 'สุรางคนา', 'งานว่อง', '', '0000-00-00', '0000-00-00', 'null', 15000, 0, '2023-06-27 19:16:42', '2023-06-28 10:01:45', NULL, -1, -1, NULL, NULL),
(101, 3, '9570624035', 10, 'อนาวิล', 'มากหนู', '', '0000-00-00', '0000-00-00', 'null', 15000, 0, '2023-06-27 19:16:42', '2023-06-28 10:01:52', NULL, -1, -1, NULL, NULL),
(102, 3, '6794120755', 8, 'กิรติกา', 'ขาวเผือก', '', '0000-00-00', '0000-00-00', 'null', 15400, 0, '2023-06-27 19:16:42', '2023-06-28 10:01:58', NULL, -1, -1, NULL, NULL),
(103, 3, '9861611142', 10, 'นรินทร์ทิพย์', 'แสงแก้ว', '', '0000-00-00', '0000-00-00', 'null', 15000, 0, '2023-06-27 19:16:42', '2023-06-28 10:02:05', NULL, -1, -1, NULL, NULL),
(104, 3, '9866851931', 10, 'ภูวเดช', 'บุญคงแก้ว', '', '0000-00-00', '0000-00-00', 'null', 15000, 0, '2023-06-27 19:16:42', '2023-06-28 10:02:11', NULL, -1, -1, NULL, NULL),
(105, 3, '9083242552', 8, 'จีรนัน', 'ขวัญทอง', '', '0000-00-00', '0000-00-00', 'null', 15800, 0, '2023-06-27 19:16:42', '2023-06-28 10:02:20', NULL, -1, -1, NULL, NULL),
(106, 3, '9080369020', 8, 'ธัญญารัตน์', 'ชุมคด', '', '0000-00-00', '0000-00-00', 'null', 15800, 0, '2023-06-27 19:16:42', '2023-06-28 10:02:26', NULL, -1, -1, NULL, NULL),
(107, 3, '9130515335', 8, 'ธัญญาภรณ์', 'ชายเกลี้ยง', '', '0000-00-00', '0000-00-00', 'LINE_ALBUM_รูปถ่ายจัดทำข้อมูลระบบเงินเดือน_๒๓๐๖_16.jpg', 15000, 0, '2023-06-27 19:16:42', '2023-06-28 13:56:31', NULL, -1, -1, NULL, NULL),
(108, 3, '9570198532', 8, 'สุนิษา', 'เกื้อช่วย', '', '0000-00-00', '0000-00-00', 'messageImage_1687941583044.jpg', 15000, 0, '2023-06-27 19:16:42', '2023-06-28 15:40:14', NULL, -1, -1, NULL, NULL),
(109, 3, '9570645350', 8, 'วราภรณ์', 'วรรณะ', '', '0000-00-00', '0000-00-00', 'LINE_ALBUM_รูปถ่ายจัดทำข้อมูลระบบเงินเดือน_๒๓๐๖_20.jpg', 15000, 0, '2023-06-27 19:16:42', '2023-06-28 14:15:25', NULL, -1, -1, NULL, NULL),
(110, 3, '9080818453', 8, 'อารีรัตน์', 'มหาพรหมประเสริฐ', '', '0000-00-00', '0000-00-00', 'null', 15000, 0, '2023-06-27 19:16:42', '2023-06-28 10:02:52', NULL, -1, -1, NULL, NULL),
(111, 3, '9861864350', 8, 'สุภาวดี', 'มากมณี', '', '0000-00-00', '0000-00-00', 'null', 15000, 0, '2023-06-27 19:16:42', '2023-06-28 15:26:17', NULL, -1, -1, NULL, NULL),
(112, 3, '9848306927', 8, 'ธัญณัฐ', 'คงเรือง', '', '0000-00-00', '0000-00-00', 'null', 15000, 0, '2023-06-27 19:16:42', '2023-06-28 10:03:07', NULL, -1, -1, NULL, NULL),
(113, 3, '8680291919', 8, 'ธิยายุ', 'ชัยเพชร', '', '0000-00-00', '0000-00-00', 'null', 15000, 0, '2023-06-27 19:16:42', '2023-06-28 10:03:16', NULL, -1, -1, NULL, NULL),
(114, 3, '0160536154', 8, 'วรางคณา', 'สังข์แก้ว', '', '0000-00-00', '0000-00-00', 'null', 15000, 0, '2023-06-27 19:16:42', '2023-06-28 10:05:52', NULL, -1, -1, NULL, NULL),
(115, 3, '9083265056', 10, 'วีรพงษ์', 'งามดี', '', '0000-00-00', '0000-00-00', 'null', 15000, 0, '2023-06-27 19:16:42', '2023-06-28 10:06:19', NULL, -1, -1, NULL, NULL),
(116, 3, '9083264459', 10, 'นิวัติ', 'มาตชรัตน์', '', '0000-00-00', '0000-00-00', 'null', 15000, 0, '2023-06-27 19:16:42', '2023-06-28 10:04:32', NULL, -1, -1, NULL, NULL),
(117, 3, '6798136982', 8, 'ศุภาวรรณ', 'ส่งศรี', '', '0000-00-00', '0000-00-00', 'null', 15000, 0, '2023-06-27 19:16:42', '2023-06-28 10:04:39', NULL, -1, -1, NULL, NULL),
(118, 3, '6785776813', 8, 'ปณิชา', 'ณะมณี', '', '0000-00-00', '0000-00-00', 'null', 15000, 0, '2023-06-27 19:16:42', '2023-06-28 10:04:45', NULL, -1, -1, NULL, NULL),
(119, 3, '9852176218', 8, 'ศรัญญา', 'บุญรัตน์', '', '0000-00-00', '0000-00-00', 'LINE_ALBUM_รูปถ่ายจัดทำข้อมูลระบบเงินเดือน_๒๓๐๖_28.jpg', 15000, 0, '2023-06-27 19:16:42', '2023-06-28 14:22:48', NULL, -1, -1, NULL, NULL),
(120, 3, '9570624310', 8, 'นิษฐา', 'ดำแก้ว', '', '0000-00-00', '0000-00-00', 'null', 15000, 0, '2023-06-27 19:16:42', '2023-06-28 10:05:01', NULL, -1, -1, NULL, NULL),
(121, 3, '3890273777', 8, 'ชนกานต์', 'ศรีนุ่น', '', '0000-00-00', '0000-00-00', 'null', 15000, 0, '2023-06-27 19:16:42', '2023-06-28 10:05:11', NULL, -1, -1, NULL, NULL),
(122, 4, '3680252943', 10, 'ปุญณพงษ์', 'เดชแสง', '', '0000-00-00', '0000-00-00', 'null', 55000, 0, '2023-06-27 19:16:42', '2023-06-28 10:06:54', NULL, -1, -1, NULL, 1),
(123, 4, '9083235181', 8, 'ภัสสร', 'สมเพ็ชร์', '', '0000-00-00', '0000-00-00', 'LINE_ALBUM_รูปถ่ายจัดทำข้อมูลระบบเงินเดือน_๒๓๐๖_33.jpg', 10100, 0, '2023-06-27 19:16:42', '2023-06-28 15:32:44', NULL, -1, -1, NULL, 1),
(124, 4, '9081236512', 10, 'วิพัฒน์', 'อักษรชู', '', '0000-00-00', '0000-00-00', '303013.jpg', 20500, 0, '2023-06-27 19:16:42', '2023-06-29 13:56:09', NULL, -1, -1, NULL, 1),
(125, 4, '9080996068', 8, 'ธาราวดี', 'ปล้องไหม', '', '0000-00-00', '0000-00-00', 'LINE_ALBUM_รูปถ่ายจัดทำข้อมูลระบบเงินเดือน_๒๓๐๖_41.jpg', 8600, 0, '2023-06-27 19:16:42', '2023-06-28 15:33:59', NULL, -1, -1, NULL, 1),
(126, 4, '9080025291', 8, 'จิราพร', 'เพชรย้อย', '', '0000-00-00', '0000-00-00', 'LINE_ALBUM_รูปถ่ายจัดทำข้อมูลระบบเงินเดือน_๒๓๐๖_32.jpg', 8800, 0, '2023-06-27 19:16:42', '2023-06-28 15:33:00', NULL, -1, -1, NULL, 1),
(127, 4, '9083087026', 8, 'โศญดา', 'ตุลยนิษก์', '', '0000-00-00', '0000-00-00', 'LINE_ALBUM_รูปถ่ายจัดทำข้อมูลระบบเงินเดือน_๒๓๐๖_15.jpg', 13800, 0, '2023-06-27 19:16:42', '2023-06-28 13:53:34', NULL, -1, -1, NULL, 1),
(128, 4, '9210286782', 8, 'สัณห์ธนัช', 'ไกรศิริโสภณ', '', '0000-00-00', '0000-00-00', 'null', 13600, 0, '2023-06-27 19:16:42', '2023-06-28 10:07:38', NULL, -1, -1, NULL, 1),
(129, 4, '9570616350', 10, 'สุพชัย', 'กุลกู', '', '0000-00-00', '0000-00-00', 'null', 8800, 0, '2023-06-27 19:16:42', '2023-06-28 10:07:44', NULL, -1, -1, NULL, 1),
(130, 4, '9570247355', 8, 'นันทินี', 'ฤทธิเนียม', '', '0000-00-00', '0000-00-00', 'messageImage_1687941298725.jpg', 13500, 0, '2023-06-27 19:16:42', '2023-06-28 15:35:15', NULL, -1, -1, NULL, 1),
(131, 4, '9570544287', 8, 'วันดี', 'บัวแสง', '', '0000-00-00', '0000-00-00', 'messageImage_1687943492450.jpg', 13400, 0, '2023-06-27 19:16:42', '2023-06-28 16:11:45', NULL, -1, -1, NULL, 1),
(132, 4, '9083235408', 8, 'วิไลวรรณ', 'จันทรัตน์', '', '0000-00-00', '0000-00-00', 'messageImage_1687943424056.jpg', 8500, 0, '2023-06-27 19:16:42', '2023-06-28 16:10:49', NULL, -1, -1, NULL, 1),
(133, 4, '9081607332', 9, 'นงนุช', 'พงศ์จันทรเสถียร', '', '0000-00-00', '0000-00-00', 'null', 8000, 0, '2023-06-27 19:16:42', '2023-06-28 10:08:10', NULL, -1, -1, NULL, NULL),
(134, 4, '9899849960', 8, 'เยาวเรศ', 'ชุมจันทร์', '', '0000-00-00', '0000-00-00', 'LINE_ALBUM_รูปถ่ายจัดทำข้อมูลระบบเงินเดือน_๒๓๐๖_14.jpg', 13000, 0, '2023-06-27 19:16:42', '2023-06-28 13:50:26', NULL, -1, -1, NULL, NULL),
(135, 4, '9570636513', 8, 'หทัยรัตน์', 'อินใหม', '', '0000-00-00', '0000-00-00', 'LINE_ALBUM_รูปถ่ายจัดทำข้อมูลระบบเงินเดือน_๒๓๐๖_39.jpg', 8000, 0, '2023-06-27 19:16:42', '2023-06-28 15:29:38', NULL, -1, -1, NULL, NULL),
(136, 4, '8370108598', 8, 'จารุณี', 'ชูเกลี้ยง', '', '0000-00-00', '0000-00-00', 'null', 8000, 0, '2023-06-27 19:16:42', '2023-06-28 10:08:27', NULL, -1, -1, NULL, NULL),
(137, 4, '9570653434', 9, 'สุภาภรณ์', 'รอดภาษา', '', '0000-00-00', '0000-00-00', 'null', 9000, 0, '2023-06-27 19:16:42', '2023-06-28 10:08:33', NULL, -1, -1, NULL, NULL),
(138, 4, '3720323609', 8, 'ธนัญญา', 'แซ่ว่อง', '', '0000-00-00', '0000-00-00', 'messageImage_1687943547142.jpg', 13000, 0, '2023-06-27 19:16:42', '2023-06-28 16:12:40', NULL, -1, -1, NULL, NULL),
(139, 4, '9856505623', 8, 'จารุวรรณ', 'แย้มใจดี', '', '0000-00-00', '0000-00-00', 'messageImage_1687943601872.jpg', 13000, 0, '2023-06-27 19:16:42', '2023-06-28 16:13:35', NULL, -1, -1, NULL, NULL),
(140, 4, '9083271633', 10, 'ธีรวัฒน์', 'เอียดเฉลิม', '', '0000-00-00', '0000-00-00', 'null', 10000, 0, '2023-06-27 19:16:42', '2023-06-28 10:09:06', NULL, -1, -1, NULL, NULL),
(141, 4, '9083291928', 9, 'เสาวณี', 'ดำจันทร์', '', '0000-00-00', '0000-00-00', 'null', 6667, 0, '2023-06-27 19:16:42', '2023-06-28 10:09:23', NULL, -1, -1, NULL, NULL),
(142, 4, '9083231070', 10, 'ภูสิทธิ์', 'บุญปล้อง', '', '0000-00-00', '0000-00-00', 'null', 10500, 0, '2023-06-27 19:16:42', '2023-06-28 10:10:04', NULL, -1, -1, NULL, NULL),
(143, 4, '9083002454', 10, 'ชินภัทร์', 'ปล้องไหม', '', '0000-00-00', '0000-00-00', 'null', 16250, 0, '2023-06-27 19:16:42', '2023-06-28 10:10:20', NULL, -1, -1, NULL, NULL),
(144, 4, '9570616148', 10, 'สุริยัณห์', 'หนูเกลี้ยง', '', '0000-00-00', '0000-00-00', 'null', 10200, 0, '2023-06-27 19:16:42', '2023-06-28 10:10:27', NULL, -1, -1, NULL, NULL),
(145, 4, '9570609508', 8, 'ธัญญา', 'ลาสอาด', '', '0000-00-00', '0000-00-00', 'null', 8700, 0, '2023-06-27 19:16:42', '2023-06-28 10:10:36', NULL, -1, -1, NULL, NULL),
(146, 4, '9081190598', 9, 'อำนวย', 'เรืองศรี', '', '0000-00-00', '0000-00-00', 'null', 18000, 0, '2023-06-27 19:16:42', '2023-06-28 10:10:42', NULL, -1, -1, NULL, NULL),
(147, 4, '9083235947', 10, 'โกวิทย์', 'นิ่มมา', '', '0000-00-00', '0000-00-00', 'null', 8700, 0, '2023-06-27 19:16:42', '2023-06-28 10:10:49', NULL, -1, -1, NULL, NULL),
(148, 4, '9081236679', 8, 'สำรวย', 'วงศ์มุนีวร', '', '0000-00-00', '0000-00-00', 'null', 15000, 0, '2023-06-27 19:16:42', '2023-06-28 10:10:56', NULL, -1, -1, NULL, NULL),
(149, 4, '9131079040', 9, 'ชูสิน', 'อ่อนคง', '', '0000-00-00', '0000-00-00', 'null', 15000, 0, '2023-06-27 19:16:42', '2023-06-28 10:11:02', NULL, -1, -1, NULL, NULL),
(150, 4, '9868003741', 9, 'ศศิธร', 'จันทร์ดำ', '', '0000-00-00', '0000-00-00', 'null', 8000, 0, '2023-06-27 19:16:42', '2023-06-28 10:11:07', NULL, -1, -1, NULL, NULL),
(151, 4, '7220535708', 10, 'นพดล', 'ตุดบัว', '', '0000-00-00', '0000-00-00', 'null', 13000, 0, '2023-06-27 19:16:42', '2023-06-28 10:11:14', NULL, -1, -1, NULL, NULL),
(152, 4, '9570180005', 9, 'ณัฏฐณิภรณ์', 'แต้มช่วย', '', '0000-00-00', '0000-00-00', 'null', 13000, 0, '2023-06-27 19:16:42', '2023-06-28 10:11:20', NULL, -1, -1, NULL, NULL),
(153, 4, '9570501340', 10, 'วรรณธัช', 'ขุนกลางวัง', '', '0000-00-00', '0000-00-00', 'null', 13000, 0, '2023-06-27 19:16:42', '2023-06-28 10:11:25', NULL, -1, -1, NULL, NULL),
(154, 4, '9570623667', 8, 'สุภาภรณ์', 'เม่าน้ำพราย', '', '0000-00-00', '0000-00-00', 'null', 13000, 0, '2023-06-27 19:16:42', '2023-06-28 10:11:31', NULL, -1, -1, NULL, NULL),
(155, 4, '9080957623', 8, 'ชญานิศ', 'ปล้องไหม', '', '0000-00-00', '0000-00-00', 'null', 10000, 0, '2023-06-27 19:16:42', '2023-06-28 10:11:38', NULL, -1, -1, NULL, NULL),
(156, 4, '9570624493', 8, 'สุมลรัตน์ ', 'นกนะ', '', '0000-00-00', '0000-00-00', 'null', 8000, 0, '2023-06-27 19:16:42', '2023-06-28 10:12:25', NULL, -1, -1, NULL, NULL),
(157, 4, '9083249042', 10, 'กิตติศักดิ์', 'โรจนรัตน์', '', '0000-00-00', '0000-00-00', 'null', 8000, 0, '2023-06-27 19:16:42', '2023-06-28 10:12:36', NULL, -1, -1, NULL, NULL),
(158, 4, '9570494948', 8, 'กรรณิการ์', 'สร้อยสุวรรณ', '', '0000-00-00', '0000-00-00', 'null', 9000, 0, '2023-06-27 19:16:42', '2023-06-28 10:12:44', NULL, -1, -1, NULL, NULL),
(159, 4, '9020688073', 10, 'ณัฐพล', 'ชูไข่หนู', '', '0000-00-00', '0000-00-00', 'null', 13000, 0, '2023-06-27 19:16:42', '2023-06-28 10:12:55', NULL, -1, -1, NULL, NULL),
(160, 4, '9570449527', 8, 'สุธาธาร', 'หนูมา', '', '0000-00-00', '0000-00-00', 'null', 13000, 0, '2023-06-27 19:16:42', '2023-06-28 10:13:01', NULL, -1, -1, NULL, NULL),
(161, 4, '8680189944', 8, 'สุพัตรา', 'จงรัตน์', '', '0000-00-00', '0000-00-00', 'null', 15000, 0, '2023-06-27 19:16:42', '2023-06-28 10:13:10', NULL, -1, -1, NULL, NULL),
(162, 4, '9083272052', 10, 'ชนะ', 'ชูบัวขาว', '', '0000-00-00', '0000-00-00', 'null', 8000, 0, '2023-06-27 19:16:42', '2023-06-28 10:13:16', NULL, -1, -1, NULL, NULL),
(163, 4, '9898927461', 8, 'อมราพร', 'กัลยาศิริ', '', '0000-00-00', '0000-00-00', 'null', 9000, 0, '2023-06-27 19:16:42', '2023-06-28 10:13:24', NULL, -1, -1, NULL, NULL),
(164, 4, '7630655258', 10, 'ภูริทัต', 'สงขาว', '', '0000-00-00', '0000-00-00', 'null', 9000, 0, '2023-06-27 19:16:42', '2023-06-28 10:13:30', NULL, -1, -1, NULL, NULL),
(165, 4, '9570675144', 8, 'พัทธ์ธีรา', 'ไกรราญ', '', '0000-00-00', '0000-00-00', 'null', 9000, 0, '2023-06-27 19:16:42', '2023-06-28 10:13:37', NULL, -1, -1, NULL, NULL),
(166, 4, '9083265269', 8, 'ณัฐนาถ', 'สงแสง', '', '0000-00-00', '0000-00-00', 'null', 9000, 0, '2023-06-27 19:16:42', '2023-06-28 10:14:16', NULL, -1, -1, NULL, NULL),
(167, 4, '6625898341', 8, 'สิริมาย', 'ฉ้งเม้ง', '', '0000-00-00', '0000-00-00', 'null', 9000, 0, '2023-06-27 19:16:42', '2023-06-28 10:14:40', NULL, -1, -1, NULL, NULL),
(168, 4, '9083130592', 8, 'สุชาดา', 'ขันหะ', '', '0000-00-00', '0000-00-00', 'null', 9000, 0, '2023-06-27 19:16:42', '2023-06-28 10:14:49', NULL, -1, -1, NULL, NULL),
(169, 4, '9570675128', 8, 'อมลวรรณ', 'เพชรแก้ว', '', '0000-00-00', '0000-00-00', 'null', 9000, 0, '2023-06-27 19:16:42', '2023-06-28 10:15:15', NULL, -1, -1, NULL, NULL),
(170, 4, '9570675047', 8, 'เพ็ญพิชชา', 'คงโคก', '', '0000-00-00', '0000-00-00', 'null', 9000, 0, '2023-06-27 19:16:42', '2023-06-28 10:15:22', NULL, -1, -1, NULL, NULL),
(171, 4, '9323538817', 10, 'เจษฎา', 'ศรีทวี', '', '0000-00-00', '0000-00-00', 'null', 9000, 0, '2023-06-27 19:16:42', '2023-06-28 10:15:35', NULL, -1, -1, NULL, NULL),
(172, 4, '9570441526', 8, 'สุธินี', 'สังข์เมียน', '', '0000-00-00', '0000-00-00', 'null', 9000, 0, '2023-06-27 19:16:42', '2023-06-28 10:15:42', NULL, -1, -1, NULL, NULL),
(173, 4, '9899517399', 8, 'ปภัสสร', 'เสาหัด', '', '0000-00-00', '0000-00-00', 'null', 9000, 0, '2023-06-27 19:16:42', '2023-06-28 10:15:52', NULL, -1, -1, NULL, NULL),
(174, 4, '9570677112', 10, 'สมพงค์', 'แพ่งเมือง', '', '0000-00-00', '0000-00-00', 'null', 8000, 0, '2023-06-27 19:16:42', '2023-06-28 10:15:58', NULL, -1, -1, NULL, NULL),
(175, 4, '9570677120', 10, 'นัฎฐคุณ', 'ปายสาร', '', '0000-00-00', '0000-00-00', 'null', 8000, 0, '2023-06-27 19:16:42', '2023-06-28 10:16:03', NULL, -1, -1, NULL, NULL),
(176, 4, '9083030237', 8, 'กอบกาญจน์', 'หัสไทยทิพย์', '', '0000-00-00', '0000-00-00', 'null', 8000, 0, '2023-06-27 19:16:42', '2023-06-28 10:16:09', NULL, -1, -1, NULL, NULL),
(177, 4, '9570385405', 8, 'ปาริษา', 'กาฬกาญจน์', '', '0000-00-00', '0000-00-00', 'null', 9000, 0, '2023-06-27 19:16:42', '2023-06-28 10:16:17', NULL, -1, -1, NULL, NULL),
(178, 4, '9570367180', 8, 'สุธาทิพย์', 'คงศรีทอง', '', '0000-00-00', '0000-00-00', 'null', 9000, 0, '2023-06-27 19:16:42', '2023-06-28 10:16:24', NULL, -1, -1, NULL, NULL),
(179, 4, '9083090507', 8, 'ปิติกาญจน์', 'สงเกิด', '', '0000-00-00', '0000-00-00', 'null', 7500, 0, '2023-06-27 19:16:42', '2023-06-28 10:16:31', NULL, -1, -1, NULL, NULL),
(180, 4, '9210358899', 10, 'อนุวัฒน์', 'จันทร์ดอน', '', '0000-00-00', '0000-00-00', 'null', 15000, 0, '2023-06-27 19:16:42', '2023-06-28 10:17:18', NULL, -1, -1, NULL, NULL),
(181, 4, '9570632771', 10, 'วราเทพ', 'หนูบูรณ์', '', '0000-00-00', '0000-00-00', 'null', 15000, 0, '2023-06-27 19:16:42', '2023-06-28 10:17:25', NULL, -1, -1, NULL, NULL),
(182, 4, '9080991880', 10, 'สุธรรม', 'ถาวโร', '', '0000-00-00', '0000-00-00', 'null', 8000, 0, '2023-06-27 19:16:42', '2023-06-28 10:17:29', NULL, -1, -1, NULL, NULL);

-- --------------------------------------------------------

--
-- Table structure for table `PayrollRuns`
--

CREATE TABLE `PayrollRuns` (
  `PayrollRunId` int NOT NULL,
  `PayrollRunDate` datetime NOT NULL,
  `DateCreated` datetime NOT NULL,
  `DateModified` datetime NOT NULL,
  `DateDeleted` datetime DEFAULT NULL,
  `CreatedBy` int NOT NULL DEFAULT '-1',
  `ModifiedBy` int NOT NULL DEFAULT '-1',
  `DeletedBy` int DEFAULT NULL
) ENGINE=MyISAM DEFAULT CHARSET=tis620;

--
-- Dumping data for table `PayrollRuns`
--

INSERT INTO `PayrollRuns` (`PayrollRunId`, `PayrollRunDate`, `DateCreated`, `DateModified`, `DateDeleted`, `CreatedBy`, `ModifiedBy`, `DeletedBy`) VALUES
(1, '2023-06-01 00:00:00', '2023-06-27 19:16:59', '2023-06-27 19:16:59', NULL, -1, -1, NULL),
(2, '2023-05-01 00:00:00', '2023-06-29 20:40:12', '2023-06-29 20:40:12', NULL, -1, -1, NULL),
(3, '2023-07-01 00:00:00', '2023-07-02 12:44:29', '2023-07-02 12:44:29', NULL, -1, -1, NULL);

-- --------------------------------------------------------

--
-- Table structure for table `PayrollTransactionItems`
--

CREATE TABLE `PayrollTransactionItems` (
  `PayrollTransactionItemId` int NOT NULL,
  `PayrollTransactionId` int NOT NULL,
  `PropertyTypeId` int NOT NULL,
  `Amount` float DEFAULT '0',
  `DateCreated` datetime NOT NULL,
  `DateModified` datetime NOT NULL,
  `DateDeleted` datetime DEFAULT NULL,
  `CreatedBy` int NOT NULL DEFAULT '-1',
  `ModifiedBy` int NOT NULL DEFAULT '-1',
  `DeletedBy` int DEFAULT NULL
) ENGINE=MyISAM DEFAULT CHARSET=tis620;

--
-- Dumping data for table `PayrollTransactionItems`
--

INSERT INTO `PayrollTransactionItems` (`PayrollTransactionItemId`, `PayrollTransactionId`, `PropertyTypeId`, `Amount`, `DateCreated`, `DateModified`, `DateDeleted`, `CreatedBy`, `ModifiedBy`, `DeletedBy`) VALUES
(23, 1, 13, 1000, '2023-06-29 14:02:28', '2023-06-29 14:02:28', NULL, -1, -1, NULL),
(21, 1, 11, 928.89, '2023-06-29 14:02:28', '2023-06-29 14:02:28', NULL, -1, -1, NULL),
(22, 1, 12, 0, '2023-06-29 14:02:28', '2023-06-29 14:02:28', NULL, -1, -1, NULL),
(25, 1, 15, 0, '2023-06-29 14:02:28', '2023-06-29 14:02:28', NULL, -1, -1, NULL),
(26, 1, 14, 0, '2023-06-29 14:02:28', '2023-06-29 14:02:28', NULL, -1, -1, NULL),
(27, 1, 17, 0, '2023-06-29 14:02:28', '2023-06-29 14:02:28', NULL, -1, -1, NULL),
(24, 1, 16, 0, '2023-06-29 14:02:28', '2023-06-29 14:02:28', NULL, -1, -1, NULL),
(28, 1, 18, 4740, '2023-06-29 14:02:28', '2023-06-29 14:02:28', NULL, -1, -1, NULL),
(840, 2, 20, 0, '2023-06-29 14:59:56', '2023-06-29 14:59:56', NULL, -1, -1, NULL),
(839, 2, 17, 0, '2023-06-29 14:59:56', '2023-06-29 14:59:56', NULL, -1, -1, NULL),
(837, 2, 19, 650, '2023-06-29 14:59:56', '2023-06-29 14:59:56', NULL, -1, -1, NULL),
(838, 2, 18, 0, '2023-06-29 14:59:56', '2023-06-29 14:59:56', NULL, -1, -1, NULL),
(13, 3, 12, 0, '2023-06-29 14:01:58', '2023-06-29 14:01:58', NULL, -1, -1, NULL),
(14, 3, 13, 0, '2023-06-29 14:01:58', '2023-06-29 14:01:58', NULL, -1, -1, NULL),
(15, 3, 11, 582.24, '2023-06-29 14:01:58', '2023-06-29 14:01:58', NULL, -1, -1, NULL),
(16, 3, 14, 0, '2023-06-29 14:01:58', '2023-06-29 14:01:58', NULL, -1, -1, NULL),
(17, 3, 15, 0, '2023-06-29 14:01:58', '2023-06-29 14:01:58', NULL, -1, -1, NULL),
(18, 3, 16, 0, '2023-06-29 14:01:58', '2023-06-29 14:01:58', NULL, -1, -1, NULL),
(19, 3, 17, 0, '2023-06-29 14:01:58', '2023-06-29 14:01:58', NULL, -1, -1, NULL),
(20, 3, 18, 1320, '2023-06-29 14:01:58', '2023-06-29 14:01:58', NULL, -1, -1, NULL),
(29, 4, 11, 603, '2023-06-29 14:02:49', '2023-06-29 14:02:49', NULL, -1, -1, NULL),
(30, 4, 13, 0, '2023-06-29 14:02:49', '2023-06-29 14:02:49', NULL, -1, -1, NULL),
(31, 4, 12, 1130, '2023-06-29 14:02:49', '2023-06-29 14:02:49', NULL, -1, -1, NULL),
(32, 4, 14, 0, '2023-06-29 14:02:49', '2023-06-29 14:02:49', NULL, -1, -1, NULL),
(33, 4, 16, 0, '2023-06-29 14:02:49', '2023-06-29 14:02:49', NULL, -1, -1, NULL),
(34, 4, 15, 0, '2023-06-29 14:02:49', '2023-06-29 14:02:49', NULL, -1, -1, NULL),
(35, 4, 17, 0, '2023-06-29 14:02:49', '2023-06-29 14:02:49', NULL, -1, -1, NULL),
(36, 4, 18, 500, '2023-06-29 14:02:49', '2023-06-29 14:02:49', NULL, -1, -1, NULL),
(37, 5, 11, 531, '2023-06-29 14:03:02', '2023-06-29 14:03:02', NULL, -1, -1, NULL),
(38, 5, 12, 0, '2023-06-29 14:03:02', '2023-06-29 14:03:02', NULL, -1, -1, NULL),
(39, 5, 15, 0, '2023-06-29 14:03:02', '2023-06-29 14:03:02', NULL, -1, -1, NULL),
(40, 5, 13, 0, '2023-06-29 14:03:02', '2023-06-29 14:03:02', NULL, -1, -1, NULL),
(41, 5, 16, 0, '2023-06-29 14:03:02', '2023-06-29 14:03:02', NULL, -1, -1, NULL),
(42, 5, 14, 0, '2023-06-29 14:03:02', '2023-06-29 14:03:02', NULL, -1, -1, NULL),
(43, 5, 17, 0, '2023-06-29 14:03:02', '2023-06-29 14:03:02', NULL, -1, -1, NULL),
(44, 5, 18, 3290, '2023-06-29 14:03:02', '2023-06-29 14:03:02', NULL, -1, -1, NULL),
(1017, 6, 12, 730, '2023-06-30 08:32:06', '2023-06-30 08:32:06', NULL, -1, -1, NULL),
(1019, 6, 13, 11596.8, '2023-06-30 08:32:06', '2023-06-30 08:32:06', NULL, -1, -1, NULL),
(1018, 6, 11, 755.16, '2023-06-30 08:32:06', '2023-06-30 08:32:06', NULL, -1, -1, NULL),
(1023, 6, 17, 0, '2023-06-30 08:32:06', '2023-06-30 08:32:06', NULL, -1, -1, NULL),
(1022, 6, 16, 0, '2023-06-30 08:32:06', '2023-06-30 08:32:06', NULL, -1, -1, NULL),
(1021, 6, 15, 0, '2023-06-30 08:32:06', '2023-06-30 08:32:06', NULL, -1, -1, NULL),
(1020, 6, 14, 0, '2023-06-30 08:32:06', '2023-06-30 08:32:06', NULL, -1, -1, NULL),
(1024, 6, 18, 3840, '2023-06-30 08:32:06', '2023-06-30 08:32:06', NULL, -1, -1, NULL),
(53, 7, 11, 669.24, '2023-06-29 14:03:55', '2023-06-29 14:03:55', NULL, -1, -1, NULL),
(54, 7, 12, 730, '2023-06-29 14:03:55', '2023-06-29 14:03:55', NULL, -1, -1, NULL),
(55, 7, 13, 1900, '2023-06-29 14:03:55', '2023-06-29 14:03:55', NULL, -1, -1, NULL),
(56, 7, 14, 0, '2023-06-29 14:03:55', '2023-06-29 14:03:55', NULL, -1, -1, NULL),
(57, 7, 15, 2792, '2023-06-29 14:03:55', '2023-06-29 14:03:55', NULL, -1, -1, NULL),
(58, 7, 16, 0, '2023-06-29 14:03:55', '2023-06-29 14:03:55', NULL, -1, -1, NULL),
(59, 7, 18, 2380, '2023-06-29 14:03:55', '2023-06-29 14:03:55', NULL, -1, -1, NULL),
(60, 7, 17, 0, '2023-06-29 14:03:55', '2023-06-29 14:03:55', NULL, -1, -1, NULL),
(61, 8, 12, 730, '2023-06-29 14:04:13', '2023-06-29 14:04:13', NULL, -1, -1, NULL),
(62, 8, 13, 1500, '2023-06-29 14:04:13', '2023-06-29 14:04:13', NULL, -1, -1, NULL),
(63, 8, 14, 0, '2023-06-29 14:04:13', '2023-06-29 14:04:13', NULL, -1, -1, NULL),
(64, 8, 11, 639, '2023-06-29 14:04:13', '2023-06-29 14:04:13', NULL, -1, -1, NULL),
(65, 8, 15, 0, '2023-06-29 14:04:13', '2023-06-29 14:04:13', NULL, -1, -1, NULL),
(66, 8, 16, 0, '2023-06-29 14:04:13', '2023-06-29 14:04:13', NULL, -1, -1, NULL),
(67, 8, 17, 0, '2023-06-29 14:04:13', '2023-06-29 14:04:13', NULL, -1, -1, NULL),
(68, 8, 18, 3220, '2023-06-29 14:04:13', '2023-06-29 14:04:13', NULL, -1, -1, NULL),
(69, 9, 11, 932.13, '2023-06-29 14:04:33', '2023-06-29 14:04:33', NULL, -1, -1, NULL),
(70, 9, 12, 1130, '2023-06-29 14:04:33', '2023-06-29 14:04:33', NULL, -1, -1, NULL),
(71, 9, 13, 2500, '2023-06-29 14:04:33', '2023-06-29 14:04:33', NULL, -1, -1, NULL),
(72, 9, 14, 0, '2023-06-29 14:04:33', '2023-06-29 14:04:33', NULL, -1, -1, NULL),
(73, 9, 15, 0, '2023-06-29 14:04:33', '2023-06-29 14:04:33', NULL, -1, -1, NULL),
(74, 9, 16, 0, '2023-06-29 14:04:33', '2023-06-29 14:04:33', NULL, -1, -1, NULL),
(75, 9, 17, 0, '2023-06-29 14:04:33', '2023-06-29 14:04:33', NULL, -1, -1, NULL),
(76, 9, 18, 3420, '2023-06-29 14:04:33', '2023-06-29 14:04:33', NULL, -1, -1, NULL),
(77, 10, 13, 1000, '2023-06-29 14:04:49', '2023-06-29 14:04:49', NULL, -1, -1, NULL),
(78, 10, 12, 0, '2023-06-29 14:04:49', '2023-06-29 14:04:49', NULL, -1, -1, NULL),
(79, 10, 11, 1200, '2023-06-29 14:04:49', '2023-06-29 14:04:49', NULL, -1, -1, NULL),
(80, 10, 15, 0, '2023-06-29 14:04:49', '2023-06-29 14:04:49', NULL, -1, -1, NULL),
(81, 10, 14, 0, '2023-06-29 14:04:49', '2023-06-29 14:04:49', NULL, -1, -1, NULL),
(82, 10, 16, 0, '2023-06-29 14:04:49', '2023-06-29 14:04:49', NULL, -1, -1, NULL),
(83, 10, 17, 0, '2023-06-29 14:04:49', '2023-06-29 14:04:49', NULL, -1, -1, NULL),
(84, 10, 18, 1980, '2023-06-29 14:04:49', '2023-06-29 14:04:49', NULL, -1, -1, NULL),
(85, 11, 13, 3670.14, '2023-06-29 14:05:08', '2023-06-29 14:05:08', NULL, -1, -1, NULL),
(86, 11, 12, 730, '2023-06-29 14:05:08', '2023-06-29 14:05:08', NULL, -1, -1, NULL),
(87, 11, 14, 0, '2023-06-29 14:05:08', '2023-06-29 14:05:08', NULL, -1, -1, NULL),
(88, 11, 15, 0, '2023-06-29 14:05:08', '2023-06-29 14:05:08', NULL, -1, -1, NULL),
(89, 11, 11, 869.13, '2023-06-29 14:05:08', '2023-06-29 14:05:08', NULL, -1, -1, NULL),
(90, 11, 16, 0, '2023-06-29 14:05:08', '2023-06-29 14:05:08', NULL, -1, -1, NULL),
(91, 11, 17, 0, '2023-06-29 14:05:08', '2023-06-29 14:05:08', NULL, -1, -1, NULL),
(92, 11, 18, 3780, '2023-06-29 14:05:08', '2023-06-29 14:05:08', NULL, -1, -1, NULL),
(93, 12, 11, 737.4, '2023-06-29 14:05:32', '2023-06-29 14:05:32', NULL, -1, -1, NULL),
(94, 12, 12, 730, '2023-06-29 14:05:32', '2023-06-29 14:05:32', NULL, -1, -1, NULL),
(95, 12, 13, 2575.72, '2023-06-29 14:05:32', '2023-06-29 14:05:32', NULL, -1, -1, NULL),
(96, 12, 14, 0, '2023-06-29 14:05:32', '2023-06-29 14:05:32', NULL, -1, -1, NULL),
(97, 12, 15, 3692, '2023-06-29 14:05:32', '2023-06-29 14:05:32', NULL, -1, -1, NULL),
(98, 12, 16, 0, '2023-06-29 14:05:32', '2023-06-29 14:05:32', NULL, -1, -1, NULL),
(99, 12, 17, 0, '2023-06-29 14:05:32', '2023-06-29 14:05:32', NULL, -1, -1, NULL),
(100, 12, 18, 0, '2023-06-29 14:05:32', '2023-06-29 14:05:32', NULL, -1, -1, NULL),
(101, 13, 11, 591, '2023-06-29 14:05:52', '2023-06-29 14:05:52', NULL, -1, -1, NULL),
(102, 13, 13, 4000, '2023-06-29 14:05:52', '2023-06-29 14:05:52', NULL, -1, -1, NULL),
(103, 13, 12, 730, '2023-06-29 14:05:52', '2023-06-29 14:05:52', NULL, -1, -1, NULL),
(104, 13, 14, 0, '2023-06-29 14:05:52', '2023-06-29 14:05:52', NULL, -1, -1, NULL),
(105, 13, 15, 2032, '2023-06-29 14:05:52', '2023-06-29 14:05:52', NULL, -1, -1, NULL),
(106, 13, 16, 0, '2023-06-29 14:05:52', '2023-06-29 14:05:52', NULL, -1, -1, NULL),
(107, 13, 17, 0, '2023-06-29 14:05:52', '2023-06-29 14:05:52', NULL, -1, -1, NULL),
(108, 13, 18, 1330, '2023-06-29 14:05:52', '2023-06-29 14:05:52', NULL, -1, -1, NULL),
(988, 14, 14, 6200, '2023-06-30 07:38:17', '2023-06-30 07:38:17', NULL, -1, -1, NULL),
(992, 14, 18, 2060, '2023-06-30 07:38:17', '2023-06-30 07:38:17', NULL, -1, -1, NULL),
(986, 14, 12, 730, '2023-06-30 07:38:17', '2023-06-30 07:38:17', NULL, -1, -1, NULL),
(989, 14, 17, 0, '2023-06-30 07:38:17', '2023-06-30 07:38:17', NULL, -1, -1, NULL),
(985, 14, 11, 565.5, '2023-06-30 07:38:17', '2023-06-30 07:38:17', NULL, -1, -1, NULL),
(990, 14, 16, 0, '2023-06-30 07:38:17', '2023-06-30 07:38:17', NULL, -1, -1, NULL),
(987, 14, 13, 0, '2023-06-30 07:38:17', '2023-06-30 07:38:17', NULL, -1, -1, NULL),
(991, 14, 15, 4022, '2023-06-30 07:38:17', '2023-06-30 07:38:17', NULL, -1, -1, NULL),
(125, 15, 11, 564, '2023-06-29 14:07:24', '2023-06-29 14:07:24', NULL, -1, -1, NULL),
(126, 15, 14, 0, '2023-06-29 14:07:24', '2023-06-29 14:07:24', NULL, -1, -1, NULL),
(127, 15, 13, 0, '2023-06-29 14:07:24', '2023-06-29 14:07:24', NULL, -1, -1, NULL),
(128, 15, 12, 0, '2023-06-29 14:07:24', '2023-06-29 14:07:24', NULL, -1, -1, NULL),
(129, 15, 15, 0, '2023-06-29 14:07:24', '2023-06-29 14:07:24', NULL, -1, -1, NULL),
(130, 15, 16, 0, '2023-06-29 14:07:24', '2023-06-29 14:07:24', NULL, -1, -1, NULL),
(131, 15, 17, 0, '2023-06-29 14:07:24', '2023-06-29 14:07:24', NULL, -1, -1, NULL),
(132, 15, 18, 600, '2023-06-29 14:07:24', '2023-06-29 14:07:24', NULL, -1, -1, NULL),
(133, 16, 13, 7431.02, '2023-06-29 14:07:45', '2023-06-29 14:07:45', NULL, -1, -1, NULL),
(134, 16, 12, 730, '2023-06-29 14:07:45', '2023-06-29 14:07:45', NULL, -1, -1, NULL),
(135, 16, 14, 0, '2023-06-29 14:07:45', '2023-06-29 14:07:45', NULL, -1, -1, NULL),
(136, 16, 11, 585, '2023-06-29 14:07:45', '2023-06-29 14:07:45', NULL, -1, -1, NULL),
(137, 16, 16, 0, '2023-06-29 14:07:45', '2023-06-29 14:07:45', NULL, -1, -1, NULL),
(138, 16, 15, 2460, '2023-06-29 14:07:45', '2023-06-29 14:07:45', NULL, -1, -1, NULL),
(139, 16, 18, 0, '2023-06-29 14:07:45', '2023-06-29 14:07:45', NULL, -1, -1, NULL),
(140, 16, 17, 0, '2023-06-29 14:07:45', '2023-06-29 14:07:45', NULL, -1, -1, NULL),
(141, 17, 11, 601.5, '2023-06-29 14:08:07', '2023-06-29 14:08:07', NULL, -1, -1, NULL),
(142, 17, 14, 0, '2023-06-29 14:08:07', '2023-06-29 14:08:07', NULL, -1, -1, NULL),
(143, 17, 13, 6157.43, '2023-06-29 14:08:07', '2023-06-29 14:08:07', NULL, -1, -1, NULL),
(144, 17, 12, 730, '2023-06-29 14:08:07', '2023-06-29 14:08:07', NULL, -1, -1, NULL),
(145, 17, 15, 2382, '2023-06-29 14:08:07', '2023-06-29 14:08:07', NULL, -1, -1, NULL),
(146, 17, 16, 0, '2023-06-29 14:08:07', '2023-06-29 14:08:07', NULL, -1, -1, NULL),
(147, 17, 17, 0, '2023-06-29 14:08:07', '2023-06-29 14:08:07', NULL, -1, -1, NULL),
(148, 17, 18, 0, '2023-06-29 14:08:07', '2023-06-29 14:08:07', NULL, -1, -1, NULL),
(149, 18, 13, 1900, '2023-06-29 14:08:26', '2023-06-29 14:08:26', NULL, -1, -1, NULL),
(150, 18, 11, 592.5, '2023-06-29 14:08:26', '2023-06-29 14:08:26', NULL, -1, -1, NULL),
(151, 18, 15, 2332, '2023-06-29 14:08:26', '2023-06-29 14:08:26', NULL, -1, -1, NULL),
(152, 18, 14, 0, '2023-06-29 14:08:26', '2023-06-29 14:08:26', NULL, -1, -1, NULL),
(153, 18, 12, 730, '2023-06-29 14:08:26', '2023-06-29 14:08:26', NULL, -1, -1, NULL),
(154, 18, 16, 0, '2023-06-29 14:08:26', '2023-06-29 14:08:26', NULL, -1, -1, NULL),
(155, 18, 17, 0, '2023-06-29 14:08:26', '2023-06-29 14:08:26', NULL, -1, -1, NULL),
(156, 18, 18, 2900, '2023-06-29 14:08:26', '2023-06-29 14:08:26', NULL, -1, -1, NULL),
(157, 19, 11, 637.5, '2023-06-29 14:22:55', '2023-06-29 14:22:55', NULL, -1, -1, NULL),
(158, 19, 13, 0, '2023-06-29 14:22:55', '2023-06-29 14:22:55', NULL, -1, -1, NULL),
(159, 19, 12, 0, '2023-06-29 14:22:55', '2023-06-29 14:22:55', NULL, -1, -1, NULL),
(160, 19, 15, 3060, '2023-06-29 14:22:55', '2023-06-29 14:22:55', NULL, -1, -1, NULL),
(161, 19, 14, 0, '2023-06-29 14:22:55', '2023-06-29 14:22:55', NULL, -1, -1, NULL),
(162, 19, 16, 0, '2023-06-29 14:22:55', '2023-06-29 14:22:55', NULL, -1, -1, NULL),
(163, 19, 17, 0, '2023-06-29 14:22:55', '2023-06-29 14:22:55', NULL, -1, -1, NULL),
(164, 19, 18, 2770, '2023-06-29 14:22:55', '2023-06-29 14:22:55', NULL, -1, -1, NULL),
(165, 20, 11, 1200, '2023-06-29 14:23:13', '2023-06-29 14:23:13', NULL, -1, -1, NULL),
(166, 20, 14, 0, '2023-06-29 14:23:13', '2023-06-29 14:23:13', NULL, -1, -1, NULL),
(167, 20, 12, 0, '2023-06-29 14:23:13', '2023-06-29 14:23:13', NULL, -1, -1, NULL),
(168, 20, 15, 0, '2023-06-29 14:23:13', '2023-06-29 14:23:13', NULL, -1, -1, NULL),
(169, 20, 13, 0, '2023-06-29 14:23:13', '2023-06-29 14:23:13', NULL, -1, -1, NULL),
(170, 20, 16, 0, '2023-06-29 14:23:13', '2023-06-29 14:23:13', NULL, -1, -1, NULL),
(171, 20, 18, 1070, '2023-06-29 14:23:13', '2023-06-29 14:23:13', NULL, -1, -1, NULL),
(172, 20, 17, 0, '2023-06-29 14:23:13', '2023-06-29 14:23:13', NULL, -1, -1, NULL),
(173, 21, 14, 0, '2023-06-29 14:23:23', '2023-06-29 14:23:23', NULL, -1, -1, NULL),
(174, 21, 11, 568.5, '2023-06-29 14:23:23', '2023-06-29 14:23:23', NULL, -1, -1, NULL),
(175, 21, 12, 0, '2023-06-29 14:23:23', '2023-06-29 14:23:23', NULL, -1, -1, NULL),
(176, 21, 13, 0, '2023-06-29 14:23:23', '2023-06-29 14:23:23', NULL, -1, -1, NULL),
(177, 21, 15, 0, '2023-06-29 14:23:23', '2023-06-29 14:23:23', NULL, -1, -1, NULL),
(178, 21, 16, 0, '2023-06-29 14:23:23', '2023-06-29 14:23:23', NULL, -1, -1, NULL),
(179, 21, 17, 0, '2023-06-29 14:23:23', '2023-06-29 14:23:23', NULL, -1, -1, NULL),
(180, 21, 18, 0, '2023-06-29 14:23:23', '2023-06-29 14:23:23', NULL, -1, -1, NULL),
(181, 22, 12, 0, '2023-06-29 14:23:48', '2023-06-29 14:23:48', NULL, -1, -1, NULL),
(182, 22, 11, 558, '2023-06-29 14:23:48', '2023-06-29 14:23:48', NULL, -1, -1, NULL),
(183, 22, 13, 0, '2023-06-29 14:23:48', '2023-06-29 14:23:48', NULL, -1, -1, NULL),
(184, 22, 14, 0, '2023-06-29 14:23:48', '2023-06-29 14:23:48', NULL, -1, -1, NULL),
(185, 22, 15, 0, '2023-06-29 14:23:48', '2023-06-29 14:23:48', NULL, -1, -1, NULL),
(186, 22, 16, 0, '2023-06-29 14:23:48', '2023-06-29 14:23:48', NULL, -1, -1, NULL),
(187, 22, 18, 1050, '2023-06-29 14:23:48', '2023-06-29 14:23:48', NULL, -1, -1, NULL),
(188, 22, 17, 0, '2023-06-29 14:23:48', '2023-06-29 14:23:48', NULL, -1, -1, NULL),
(189, 23, 11, 525, '2023-06-29 14:24:31', '2023-06-29 14:24:31', NULL, -1, -1, NULL),
(190, 23, 12, 0, '2023-06-29 14:24:31', '2023-06-29 14:24:31', NULL, -1, -1, NULL),
(191, 23, 13, 0, '2023-06-29 14:24:31', '2023-06-29 14:24:31', NULL, -1, -1, NULL),
(192, 23, 14, 0, '2023-06-29 14:24:31', '2023-06-29 14:24:31', NULL, -1, -1, NULL),
(193, 23, 15, 0, '2023-06-29 14:24:31', '2023-06-29 14:24:31', NULL, -1, -1, NULL),
(194, 23, 16, 609, '2023-06-29 14:24:31', '2023-06-29 14:24:31', NULL, -1, -1, NULL),
(195, 23, 18, 0, '2023-06-29 14:24:31', '2023-06-29 14:24:31', NULL, -1, -1, NULL),
(196, 23, 17, 0, '2023-06-29 14:24:31', '2023-06-29 14:24:31', NULL, -1, -1, NULL),
(197, 24, 12, 0, '2023-06-29 14:25:30', '2023-06-29 14:25:30', NULL, -1, -1, NULL),
(198, 24, 11, 522, '2023-06-29 14:25:30', '2023-06-29 14:25:30', NULL, -1, -1, NULL),
(199, 24, 13, 1749.32, '2023-06-29 14:25:30', '2023-06-29 14:25:30', NULL, -1, -1, NULL),
(200, 24, 14, 0, '2023-06-29 14:25:30', '2023-06-29 14:25:30', NULL, -1, -1, NULL),
(201, 24, 16, 0, '2023-06-29 14:25:30', '2023-06-29 14:25:30', NULL, -1, -1, NULL),
(202, 24, 15, 0, '2023-06-29 14:25:30', '2023-06-29 14:25:30', NULL, -1, -1, NULL),
(203, 24, 17, 0, '2023-06-29 14:25:30', '2023-06-29 14:25:30', NULL, -1, -1, NULL),
(204, 24, 18, 1900, '2023-06-29 14:25:30', '2023-06-29 14:25:30', NULL, -1, -1, NULL),
(205, 25, 12, 0, '2023-06-29 14:25:37', '2023-06-29 14:25:37', NULL, -1, -1, NULL),
(206, 25, 11, 516, '2023-06-29 14:25:37', '2023-06-29 14:25:37', NULL, -1, -1, NULL),
(207, 25, 13, 0, '2023-06-29 14:25:37', '2023-06-29 14:25:37', NULL, -1, -1, NULL),
(208, 25, 14, 0, '2023-06-29 14:25:37', '2023-06-29 14:25:37', NULL, -1, -1, NULL),
(209, 25, 16, 0, '2023-06-29 14:25:37', '2023-06-29 14:25:37', NULL, -1, -1, NULL),
(210, 25, 15, 0, '2023-06-29 14:25:37', '2023-06-29 14:25:37', NULL, -1, -1, NULL),
(211, 25, 18, 0, '2023-06-29 14:25:37', '2023-06-29 14:25:37', NULL, -1, -1, NULL),
(212, 25, 17, 0, '2023-06-29 14:25:37', '2023-06-29 14:25:37', NULL, -1, -1, NULL),
(213, 26, 14, 0, '2023-06-29 14:25:49', '2023-06-29 14:25:49', NULL, -1, -1, NULL),
(214, 26, 15, 0, '2023-06-29 14:25:50', '2023-06-29 14:25:50', NULL, -1, -1, NULL),
(215, 26, 13, 0, '2023-06-29 14:25:50', '2023-06-29 14:25:50', NULL, -1, -1, NULL),
(216, 26, 12, 0, '2023-06-29 14:25:50', '2023-06-29 14:25:50', NULL, -1, -1, NULL),
(217, 26, 11, 576, '2023-06-29 14:25:50', '2023-06-29 14:25:50', NULL, -1, -1, NULL),
(218, 26, 16, 683, '2023-06-29 14:25:50', '2023-06-29 14:25:50', NULL, -1, -1, NULL),
(219, 26, 17, 0, '2023-06-29 14:25:50', '2023-06-29 14:25:50', NULL, -1, -1, NULL),
(220, 26, 18, 0, '2023-06-29 14:25:50', '2023-06-29 14:25:50', NULL, -1, -1, NULL),
(221, 27, 11, 534, '2023-06-29 14:25:59', '2023-06-29 14:25:59', NULL, -1, -1, NULL),
(222, 27, 13, 0, '2023-06-29 14:25:59', '2023-06-29 14:25:59', NULL, -1, -1, NULL),
(223, 27, 12, 0, '2023-06-29 14:25:59', '2023-06-29 14:25:59', NULL, -1, -1, NULL),
(224, 27, 15, 0, '2023-06-29 14:25:59', '2023-06-29 14:25:59', NULL, -1, -1, NULL),
(225, 27, 14, 0, '2023-06-29 14:25:59', '2023-06-29 14:25:59', NULL, -1, -1, NULL),
(226, 27, 16, 0, '2023-06-29 14:25:59', '2023-06-29 14:25:59', NULL, -1, -1, NULL),
(227, 27, 17, 0, '2023-06-29 14:25:59', '2023-06-29 14:25:59', NULL, -1, -1, NULL),
(228, 27, 18, 1472, '2023-06-29 14:25:59', '2023-06-29 14:25:59', NULL, -1, -1, NULL),
(229, 28, 11, 507, '2023-06-29 14:26:07', '2023-06-29 14:26:07', NULL, -1, -1, NULL),
(230, 28, 13, 0, '2023-06-29 14:26:07', '2023-06-29 14:26:07', NULL, -1, -1, NULL),
(231, 28, 12, 0, '2023-06-29 14:26:07', '2023-06-29 14:26:07', NULL, -1, -1, NULL),
(232, 28, 14, 0, '2023-06-29 14:26:07', '2023-06-29 14:26:07', NULL, -1, -1, NULL),
(233, 28, 15, 0, '2023-06-29 14:26:07', '2023-06-29 14:26:07', NULL, -1, -1, NULL),
(234, 28, 16, 0, '2023-06-29 14:26:07', '2023-06-29 14:26:07', NULL, -1, -1, NULL),
(235, 28, 17, 0, '2023-06-29 14:26:07', '2023-06-29 14:26:07', NULL, -1, -1, NULL),
(236, 28, 18, 0, '2023-06-29 14:26:07', '2023-06-29 14:26:07', NULL, -1, -1, NULL),
(237, 29, 11, 513, '2023-06-29 14:26:16', '2023-06-29 14:26:16', NULL, -1, -1, NULL),
(238, 29, 12, 0, '2023-06-29 14:26:16', '2023-06-29 14:26:16', NULL, -1, -1, NULL),
(239, 29, 13, 0, '2023-06-29 14:26:16', '2023-06-29 14:26:16', NULL, -1, -1, NULL),
(240, 29, 14, 0, '2023-06-29 14:26:16', '2023-06-29 14:26:16', NULL, -1, -1, NULL),
(241, 29, 16, 0, '2023-06-29 14:26:16', '2023-06-29 14:26:16', NULL, -1, -1, NULL),
(242, 29, 15, 0, '2023-06-29 14:26:16', '2023-06-29 14:26:16', NULL, -1, -1, NULL),
(243, 29, 17, 0, '2023-06-29 14:26:16', '2023-06-29 14:26:16', NULL, -1, -1, NULL),
(244, 29, 18, 1190, '2023-06-29 14:26:16', '2023-06-29 14:26:16', NULL, -1, -1, NULL),
(245, 30, 12, 0, '2023-06-29 14:26:28', '2023-06-29 14:26:28', NULL, -1, -1, NULL),
(246, 30, 11, 522, '2023-06-29 14:26:28', '2023-06-29 14:26:28', NULL, -1, -1, NULL),
(247, 30, 13, 6800, '2023-06-29 14:26:28', '2023-06-29 14:26:28', NULL, -1, -1, NULL),
(248, 30, 15, 0, '2023-06-29 14:26:28', '2023-06-29 14:26:28', NULL, -1, -1, NULL),
(249, 30, 16, 0, '2023-06-29 14:26:28', '2023-06-29 14:26:28', NULL, -1, -1, NULL),
(250, 30, 14, 0, '2023-06-29 14:26:28', '2023-06-29 14:26:28', NULL, -1, -1, NULL),
(251, 30, 17, 0, '2023-06-29 14:26:28', '2023-06-29 14:26:28', NULL, -1, -1, NULL),
(252, 30, 18, 1000, '2023-06-29 14:26:28', '2023-06-29 14:26:28', NULL, -1, -1, NULL),
(253, 31, 12, 0, '2023-06-29 14:26:36', '2023-06-29 14:26:36', NULL, -1, -1, NULL),
(254, 31, 13, 0, '2023-06-29 14:26:36', '2023-06-29 14:26:36', NULL, -1, -1, NULL),
(255, 31, 11, 504, '2023-06-29 14:26:36', '2023-06-29 14:26:36', NULL, -1, -1, NULL),
(256, 31, 16, 0, '2023-06-29 14:26:36', '2023-06-29 14:26:36', NULL, -1, -1, NULL),
(257, 31, 14, 0, '2023-06-29 14:26:36', '2023-06-29 14:26:36', NULL, -1, -1, NULL),
(258, 31, 15, 0, '2023-06-29 14:26:36', '2023-06-29 14:26:36', NULL, -1, -1, NULL),
(259, 31, 17, 0, '2023-06-29 14:26:36', '2023-06-29 14:26:36', NULL, -1, -1, NULL),
(260, 31, 18, 3330, '2023-06-29 14:26:36', '2023-06-29 14:26:36', NULL, -1, -1, NULL),
(261, 32, 15, 0, '2023-06-29 14:26:51', '2023-06-29 14:26:51', NULL, -1, -1, NULL),
(262, 32, 13, 0, '2023-06-29 14:26:51', '2023-06-29 14:26:51', NULL, -1, -1, NULL),
(263, 32, 12, 0, '2023-06-29 14:26:51', '2023-06-29 14:26:51', NULL, -1, -1, NULL),
(264, 32, 11, 492, '2023-06-29 14:26:51', '2023-06-29 14:26:51', NULL, -1, -1, NULL),
(265, 32, 14, 0, '2023-06-29 14:26:51', '2023-06-29 14:26:51', NULL, -1, -1, NULL),
(266, 32, 16, 666, '2023-06-29 14:26:51', '2023-06-29 14:26:51', NULL, -1, -1, NULL),
(267, 32, 17, 0, '2023-06-29 14:26:51', '2023-06-29 14:26:51', NULL, -1, -1, NULL),
(268, 32, 18, 2700, '2023-06-29 14:26:51', '2023-06-29 14:26:51', NULL, -1, -1, NULL),
(269, 33, 15, 0, '2023-06-29 14:27:05', '2023-06-29 14:27:05', NULL, -1, -1, NULL),
(270, 33, 11, 498, '2023-06-29 14:27:05', '2023-06-29 14:27:05', NULL, -1, -1, NULL),
(271, 33, 13, 700, '2023-06-29 14:27:05', '2023-06-29 14:27:05', NULL, -1, -1, NULL),
(272, 33, 12, 0, '2023-06-29 14:27:05', '2023-06-29 14:27:05', NULL, -1, -1, NULL),
(273, 33, 16, 0, '2023-06-29 14:27:05', '2023-06-29 14:27:05', NULL, -1, -1, NULL),
(274, 33, 14, 0, '2023-06-29 14:27:05', '2023-06-29 14:27:05', NULL, -1, -1, NULL),
(275, 33, 17, 0, '2023-06-29 14:27:05', '2023-06-29 14:27:05', NULL, -1, -1, NULL),
(276, 33, 18, 500, '2023-06-29 14:27:05', '2023-06-29 14:27:05', NULL, -1, -1, NULL),
(958, 34, 11, 493.5, '2023-06-29 15:17:10', '2023-06-29 15:17:10', NULL, -1, -1, NULL),
(957, 34, 12, 0, '2023-06-29 15:17:10', '2023-06-29 15:17:10', NULL, -1, -1, NULL),
(959, 34, 14, 0, '2023-06-29 15:17:10', '2023-06-29 15:17:10', NULL, -1, -1, NULL),
(960, 34, 13, 0, '2023-06-29 15:17:10', '2023-06-29 15:17:10', NULL, -1, -1, NULL),
(961, 34, 15, NULL, '2023-06-29 15:17:10', '2023-06-29 15:17:10', NULL, -1, -1, NULL),
(964, 34, 18, 1080, '2023-06-29 15:17:10', '2023-06-29 15:17:10', NULL, -1, -1, NULL),
(963, 34, 17, 0, '2023-06-29 15:17:10', '2023-06-29 15:17:10', NULL, -1, -1, NULL),
(962, 34, 16, 705, '2023-06-29 15:17:10', '2023-06-29 15:17:10', NULL, -1, -1, NULL),
(285, 35, 11, 498, '2023-06-29 14:27:29', '2023-06-29 14:27:29', NULL, -1, -1, NULL),
(286, 35, 13, 0, '2023-06-29 14:27:29', '2023-06-29 14:27:29', NULL, -1, -1, NULL),
(287, 35, 12, 0, '2023-06-29 14:27:29', '2023-06-29 14:27:29', NULL, -1, -1, NULL),
(288, 35, 14, 0, '2023-06-29 14:27:29', '2023-06-29 14:27:29', NULL, -1, -1, NULL),
(289, 35, 15, 0, '2023-06-29 14:27:29', '2023-06-29 14:27:29', NULL, -1, -1, NULL),
(290, 35, 16, 0, '2023-06-29 14:27:29', '2023-06-29 14:27:29', NULL, -1, -1, NULL),
(291, 35, 17, 0, '2023-06-29 14:27:29', '2023-06-29 14:27:29', NULL, -1, -1, NULL),
(292, 35, 18, 2220, '2023-06-29 14:27:29', '2023-06-29 14:27:29', NULL, -1, -1, NULL),
(293, 36, 11, 489, '2023-06-29 14:27:45', '2023-06-29 14:27:45', NULL, -1, -1, NULL),
(294, 36, 14, 0, '2023-06-29 14:27:45', '2023-06-29 14:27:45', NULL, -1, -1, NULL),
(295, 36, 15, 0, '2023-06-29 14:27:45', '2023-06-29 14:27:45', NULL, -1, -1, NULL),
(296, 36, 12, 730, '2023-06-29 14:27:45', '2023-06-29 14:27:45', NULL, -1, -1, NULL),
(297, 36, 13, 700, '2023-06-29 14:27:45', '2023-06-29 14:27:45', NULL, -1, -1, NULL),
(298, 36, 16, 0, '2023-06-29 14:27:45', '2023-06-29 14:27:45', NULL, -1, -1, NULL),
(299, 36, 17, 0, '2023-06-29 14:27:46', '2023-06-29 14:27:46', NULL, -1, -1, NULL),
(300, 36, 18, 0, '2023-06-29 14:27:46', '2023-06-29 14:27:46', NULL, -1, -1, NULL),
(301, 37, 12, 0, '2023-06-29 14:27:57', '2023-06-29 14:27:57', NULL, -1, -1, NULL),
(302, 37, 16, 784, '2023-06-29 14:27:57', '2023-06-29 14:27:57', NULL, -1, -1, NULL),
(303, 37, 15, 0, '2023-06-29 14:27:57', '2023-06-29 14:27:57', NULL, -1, -1, NULL),
(304, 37, 14, 0, '2023-06-29 14:27:57', '2023-06-29 14:27:57', NULL, -1, -1, NULL),
(305, 37, 13, 0, '2023-06-29 14:27:57', '2023-06-29 14:27:57', NULL, -1, -1, NULL),
(306, 37, 11, 465, '2023-06-29 14:27:57', '2023-06-29 14:27:57', NULL, -1, -1, NULL),
(307, 37, 17, 0, '2023-06-29 14:27:57', '2023-06-29 14:27:57', NULL, -1, -1, NULL),
(308, 37, 18, 0, '2023-06-29 14:27:57', '2023-06-29 14:27:57', NULL, -1, -1, NULL),
(309, 38, 11, 486, '2023-06-29 14:28:13', '2023-06-29 14:28:13', NULL, -1, -1, NULL),
(310, 38, 12, 730, '2023-06-29 14:28:13', '2023-06-29 14:28:13', NULL, -1, -1, NULL),
(311, 38, 16, 0, '2023-06-29 14:28:13', '2023-06-29 14:28:13', NULL, -1, -1, NULL),
(312, 38, 14, 0, '2023-06-29 14:28:13', '2023-06-29 14:28:13', NULL, -1, -1, NULL),
(313, 38, 15, 2642, '2023-06-29 14:28:13', '2023-06-29 14:28:13', NULL, -1, -1, NULL),
(314, 38, 13, 0, '2023-06-29 14:28:13', '2023-06-29 14:28:13', NULL, -1, -1, NULL),
(315, 38, 17, 0, '2023-06-29 14:28:13', '2023-06-29 14:28:13', NULL, -1, -1, NULL),
(316, 38, 18, 2450, '2023-06-29 14:28:13', '2023-06-29 14:28:13', NULL, -1, -1, NULL),
(317, 39, 12, 0, '2023-06-29 14:28:22', '2023-06-29 14:28:22', NULL, -1, -1, NULL),
(318, 39, 13, 0, '2023-06-29 14:28:22', '2023-06-29 14:28:22', NULL, -1, -1, NULL),
(319, 39, 11, 477, '2023-06-29 14:28:22', '2023-06-29 14:28:22', NULL, -1, -1, NULL),
(320, 39, 14, 0, '2023-06-29 14:28:22', '2023-06-29 14:28:22', NULL, -1, -1, NULL),
(321, 39, 15, 0, '2023-06-29 14:28:22', '2023-06-29 14:28:22', NULL, -1, -1, NULL),
(322, 39, 16, 0, '2023-06-29 14:28:22', '2023-06-29 14:28:22', NULL, -1, -1, NULL),
(323, 39, 17, 0, '2023-06-29 14:28:22', '2023-06-29 14:28:22', NULL, -1, -1, NULL),
(324, 39, 18, 3220, '2023-06-29 14:28:22', '2023-06-29 14:28:22', NULL, -1, -1, NULL),
(1004, 40, 14, 0, '2023-06-30 07:39:04', '2023-06-30 07:39:04', NULL, -1, -1, NULL),
(1002, 40, 11, 486, '2023-06-30 07:39:04', '2023-06-30 07:39:04', NULL, -1, -1, NULL),
(1005, 40, 15, 0, '2023-06-30 07:39:04', '2023-06-30 07:39:04', NULL, -1, -1, NULL),
(1001, 40, 12, 0, '2023-06-30 07:39:04', '2023-06-30 07:39:04', NULL, -1, -1, NULL),
(1006, 40, 16, 865, '2023-06-30 07:39:04', '2023-06-30 07:39:04', NULL, -1, -1, NULL),
(1007, 40, 17, 0, '2023-06-30 07:39:04', '2023-06-30 07:39:04', NULL, -1, -1, NULL),
(1008, 40, 18, 2320, '2023-06-30 07:39:04', '2023-06-30 07:39:04', NULL, -1, -1, NULL),
(1003, 40, 13, 700, '2023-06-30 07:39:04', '2023-06-30 07:39:04', NULL, -1, -1, NULL),
(333, 41, 11, 486, '2023-06-29 14:29:40', '2023-06-29 14:29:40', NULL, -1, -1, NULL),
(334, 41, 12, 0, '2023-06-29 14:29:40', '2023-06-29 14:29:40', NULL, -1, -1, NULL),
(335, 41, 13, 1300, '2023-06-29 14:29:40', '2023-06-29 14:29:40', NULL, -1, -1, NULL),
(336, 41, 14, 0, '2023-06-29 14:29:40', '2023-06-29 14:29:40', NULL, -1, -1, NULL),
(337, 41, 15, 0, '2023-06-29 14:29:40', '2023-06-29 14:29:40', NULL, -1, -1, NULL),
(338, 41, 16, 0, '2023-06-29 14:29:40', '2023-06-29 14:29:40', NULL, -1, -1, NULL),
(339, 41, 17, 0, '2023-06-29 14:29:40', '2023-06-29 14:29:40', NULL, -1, -1, NULL),
(340, 41, 18, 1000, '2023-06-29 14:29:41', '2023-06-29 14:29:41', NULL, -1, -1, NULL),
(341, 42, 11, 492, '2023-06-29 14:32:58', '2023-06-29 14:32:58', NULL, -1, -1, NULL),
(342, 42, 12, 0, '2023-06-29 14:32:58', '2023-06-29 14:32:58', NULL, -1, -1, NULL),
(343, 42, 13, 0, '2023-06-29 14:32:58', '2023-06-29 14:32:58', NULL, -1, -1, NULL),
(344, 42, 14, 0, '2023-06-29 14:32:58', '2023-06-29 14:32:58', NULL, -1, -1, NULL),
(345, 42, 15, 0, '2023-06-29 14:32:58', '2023-06-29 14:32:58', NULL, -1, -1, NULL),
(346, 42, 16, 0, '2023-06-29 14:32:58', '2023-06-29 14:32:58', NULL, -1, -1, NULL),
(347, 42, 17, 0, '2023-06-29 14:32:58', '2023-06-29 14:32:58', NULL, -1, -1, NULL),
(348, 42, 18, 0, '2023-06-29 14:32:58', '2023-06-29 14:32:58', NULL, -1, -1, NULL),
(349, 43, 11, 771.81, '2023-06-29 14:33:13', '2023-06-29 14:33:13', NULL, -1, -1, NULL),
(350, 43, 14, 0, '2023-06-29 14:33:13', '2023-06-29 14:33:13', NULL, -1, -1, NULL),
(351, 43, 12, 730, '2023-06-29 14:33:13', '2023-06-29 14:33:13', NULL, -1, -1, NULL),
(352, 43, 13, 3200, '2023-06-29 14:33:13', '2023-06-29 14:33:13', NULL, -1, -1, NULL),
(353, 43, 15, 0, '2023-06-29 14:33:13', '2023-06-29 14:33:13', NULL, -1, -1, NULL),
(354, 43, 16, 0, '2023-06-29 14:33:13', '2023-06-29 14:33:13', NULL, -1, -1, NULL),
(355, 43, 17, 0, '2023-06-29 14:33:13', '2023-06-29 14:33:13', NULL, -1, -1, NULL),
(356, 43, 18, 10980, '2023-06-29 14:33:13', '2023-06-29 14:33:13', NULL, -1, -1, NULL),
(357, 44, 11, 483, '2023-06-29 14:33:19', '2023-06-29 14:33:19', NULL, -1, -1, NULL),
(358, 44, 12, 0, '2023-06-29 14:33:19', '2023-06-29 14:33:19', NULL, -1, -1, NULL),
(359, 44, 14, 0, '2023-06-29 14:33:19', '2023-06-29 14:33:19', NULL, -1, -1, NULL),
(360, 44, 16, 0, '2023-06-29 14:33:19', '2023-06-29 14:33:19', NULL, -1, -1, NULL),
(361, 44, 15, 0, '2023-06-29 14:33:19', '2023-06-29 14:33:19', NULL, -1, -1, NULL),
(362, 44, 13, 0, '2023-06-29 14:33:19', '2023-06-29 14:33:19', NULL, -1, -1, NULL),
(363, 44, 17, 0, '2023-06-29 14:33:19', '2023-06-29 14:33:19', NULL, -1, -1, NULL),
(364, 44, 18, 0, '2023-06-29 14:33:19', '2023-06-29 14:33:19', NULL, -1, -1, NULL),
(365, 45, 12, 0, '2023-06-29 14:33:29', '2023-06-29 14:33:29', NULL, -1, -1, NULL),
(366, 45, 11, 465, '2023-06-29 14:33:29', '2023-06-29 14:33:29', NULL, -1, -1, NULL),
(367, 45, 14, 0, '2023-06-29 14:33:29', '2023-06-29 14:33:29', NULL, -1, -1, NULL),
(368, 45, 15, 0, '2023-06-29 14:33:29', '2023-06-29 14:33:29', NULL, -1, -1, NULL),
(369, 45, 16, 0, '2023-06-29 14:33:29', '2023-06-29 14:33:29', NULL, -1, -1, NULL),
(370, 45, 13, 0, '2023-06-29 14:33:29', '2023-06-29 14:33:29', NULL, -1, -1, NULL),
(371, 45, 17, 0, '2023-06-29 14:33:29', '2023-06-29 14:33:29', NULL, -1, -1, NULL),
(372, 45, 18, 2680, '2023-06-29 14:33:29', '2023-06-29 14:33:29', NULL, -1, -1, NULL),
(373, 46, 12, 0, '2023-06-29 14:33:46', '2023-06-29 14:33:46', NULL, -1, -1, NULL),
(374, 46, 11, 486, '2023-06-29 14:33:46', '2023-06-29 14:33:46', NULL, -1, -1, NULL),
(375, 46, 13, 1300, '2023-06-29 14:33:46', '2023-06-29 14:33:46', NULL, -1, -1, NULL),
(376, 46, 15, 0, '2023-06-29 14:33:46', '2023-06-29 14:33:46', NULL, -1, -1, NULL),
(377, 46, 14, 0, '2023-06-29 14:33:46', '2023-06-29 14:33:46', NULL, -1, -1, NULL),
(378, 46, 16, 0, '2023-06-29 14:33:46', '2023-06-29 14:33:46', NULL, -1, -1, NULL),
(379, 46, 17, 0, '2023-06-29 14:33:46', '2023-06-29 14:33:46', NULL, -1, -1, NULL),
(380, 46, 18, 2070, '2023-06-29 14:33:46', '2023-06-29 14:33:46', NULL, -1, -1, NULL),
(381, 47, 11, 486, '2023-06-29 14:33:55', '2023-06-29 14:33:55', NULL, -1, -1, NULL),
(382, 47, 14, 0, '2023-06-29 14:33:55', '2023-06-29 14:33:55', NULL, -1, -1, NULL),
(383, 47, 16, 0, '2023-06-29 14:33:55', '2023-06-29 14:33:55', NULL, -1, -1, NULL),
(384, 47, 15, 0, '2023-06-29 14:33:55', '2023-06-29 14:33:55', NULL, -1, -1, NULL),
(385, 47, 13, 0, '2023-06-29 14:33:55', '2023-06-29 14:33:55', NULL, -1, -1, NULL),
(386, 47, 12, 0, '2023-06-29 14:33:55', '2023-06-29 14:33:55', NULL, -1, -1, NULL),
(387, 47, 17, 0, '2023-06-29 14:33:55', '2023-06-29 14:33:55', NULL, -1, -1, NULL),
(388, 47, 18, 1780, '2023-06-29 14:33:55', '2023-06-29 14:33:55', NULL, -1, -1, NULL),
(389, 48, 12, 0, '2023-06-29 14:34:08', '2023-06-29 14:34:08', NULL, -1, -1, NULL),
(390, 48, 14, 0, '2023-06-29 14:34:08', '2023-06-29 14:34:08', NULL, -1, -1, NULL),
(391, 48, 15, 0, '2023-06-29 14:34:08', '2023-06-29 14:34:08', NULL, -1, -1, NULL),
(392, 48, 16, 991, '2023-06-29 14:34:08', '2023-06-29 14:34:08', NULL, -1, -1, NULL),
(393, 48, 13, 0, '2023-06-29 14:34:08', '2023-06-29 14:34:08', NULL, -1, -1, NULL),
(394, 48, 11, 486, '2023-06-29 14:34:08', '2023-06-29 14:34:08', NULL, -1, -1, NULL),
(395, 48, 17, 0, '2023-06-29 14:34:08', '2023-06-29 14:34:08', NULL, -1, -1, NULL),
(396, 48, 18, 1080, '2023-06-29 14:34:08', '2023-06-29 14:34:08', NULL, -1, -1, NULL),
(397, 49, 11, 477, '2023-06-29 14:34:19', '2023-06-29 14:34:19', NULL, -1, -1, NULL),
(398, 49, 12, 0, '2023-06-29 14:34:19', '2023-06-29 14:34:19', NULL, -1, -1, NULL),
(399, 49, 13, 700, '2023-06-29 14:34:19', '2023-06-29 14:34:19', NULL, -1, -1, NULL),
(400, 49, 14, 0, '2023-06-29 14:34:19', '2023-06-29 14:34:19', NULL, -1, -1, NULL),
(401, 49, 15, 0, '2023-06-29 14:34:19', '2023-06-29 14:34:19', NULL, -1, -1, NULL),
(402, 49, 16, 0, '2023-06-29 14:34:19', '2023-06-29 14:34:19', NULL, -1, -1, NULL),
(403, 49, 17, 0, '2023-06-29 14:34:19', '2023-06-29 14:34:19', NULL, -1, -1, NULL),
(404, 49, 18, 1060, '2023-06-29 14:34:19', '2023-06-29 14:34:19', NULL, -1, -1, NULL),
(1010, 50, 12, 0, '2023-06-30 07:39:33', '2023-06-30 07:39:33', NULL, -1, -1, NULL),
(1011, 50, 13, 0, '2023-06-30 07:39:33', '2023-06-30 07:39:33', NULL, -1, -1, NULL),
(1015, 50, 17, 0, '2023-06-30 07:39:33', '2023-06-30 07:39:33', NULL, -1, -1, NULL),
(1009, 50, 11, 486, '2023-06-30 07:39:33', '2023-06-30 07:39:33', NULL, -1, -1, NULL),
(1016, 50, 18, 0, '2023-06-30 07:39:33', '2023-06-30 07:39:33', NULL, -1, -1, NULL),
(1012, 50, 14, 0, '2023-06-30 07:39:33', '2023-06-30 07:39:33', NULL, -1, -1, NULL),
(1014, 50, 16, 0, '2023-06-30 07:39:33', '2023-06-30 07:39:33', NULL, -1, -1, NULL),
(1013, 50, 15, 0, '2023-06-30 07:39:33', '2023-06-30 07:39:33', NULL, -1, -1, NULL),
(413, 51, 12, 730, '2023-06-29 14:34:41', '2023-06-29 14:34:41', NULL, -1, -1, NULL),
(414, 51, 13, 0, '2023-06-29 14:34:41', '2023-06-29 14:34:41', NULL, -1, -1, NULL),
(415, 51, 15, 2210, '2023-06-29 14:34:41', '2023-06-29 14:34:41', NULL, -1, -1, NULL),
(416, 51, 16, 0, '2023-06-29 14:34:41', '2023-06-29 14:34:41', NULL, -1, -1, NULL),
(417, 51, 11, 474, '2023-06-29 14:34:41', '2023-06-29 14:34:41', NULL, -1, -1, NULL),
(418, 51, 14, 0, '2023-06-29 14:34:41', '2023-06-29 14:34:41', NULL, -1, -1, NULL),
(419, 51, 17, 0, '2023-06-29 14:34:41', '2023-06-29 14:34:41', NULL, -1, -1, NULL),
(420, 51, 18, 1680, '2023-06-29 14:34:41', '2023-06-29 14:34:41', NULL, -1, -1, NULL),
(421, 52, 11, 477, '2023-06-29 14:34:49', '2023-06-29 14:34:49', NULL, -1, -1, NULL),
(422, 52, 12, 0, '2023-06-29 14:34:49', '2023-06-29 14:34:49', NULL, -1, -1, NULL),
(423, 52, 16, 0, '2023-06-29 14:34:49', '2023-06-29 14:34:49', NULL, -1, -1, NULL),
(424, 52, 15, 0, '2023-06-29 14:34:49', '2023-06-29 14:34:49', NULL, -1, -1, NULL),
(425, 52, 14, 0, '2023-06-29 14:34:49', '2023-06-29 14:34:49', NULL, -1, -1, NULL),
(426, 52, 13, 0, '2023-06-29 14:34:49', '2023-06-29 14:34:49', NULL, -1, -1, NULL),
(427, 52, 17, 0, '2023-06-29 14:34:49', '2023-06-29 14:34:49', NULL, -1, -1, NULL),
(428, 52, 18, 1680, '2023-06-29 14:34:49', '2023-06-29 14:34:49', NULL, -1, -1, NULL),
(429, 53, 11, 471, '2023-06-29 14:37:15', '2023-06-29 14:37:15', NULL, -1, -1, NULL),
(430, 53, 12, 0, '2023-06-29 14:37:15', '2023-06-29 14:37:15', NULL, -1, -1, NULL),
(431, 53, 13, 0, '2023-06-29 14:37:15', '2023-06-29 14:37:15', NULL, -1, -1, NULL),
(432, 53, 14, 0, '2023-06-29 14:37:15', '2023-06-29 14:37:15', NULL, -1, -1, NULL),
(433, 53, 15, 0, '2023-06-29 14:37:15', '2023-06-29 14:37:15', NULL, -1, -1, NULL),
(434, 53, 16, 0, '2023-06-29 14:37:15', '2023-06-29 14:37:15', NULL, -1, -1, NULL),
(435, 53, 17, 0, '2023-06-29 14:37:15', '2023-06-29 14:37:15', NULL, -1, -1, NULL),
(436, 53, 18, 1000, '2023-06-29 14:37:15', '2023-06-29 14:37:15', NULL, -1, -1, NULL),
(437, 54, 12, 0, '2023-06-29 14:37:28', '2023-06-29 14:37:28', NULL, -1, -1, NULL),
(438, 54, 11, 471, '2023-06-29 14:37:28', '2023-06-29 14:37:28', NULL, -1, -1, NULL),
(439, 54, 13, 0, '2023-06-29 14:37:28', '2023-06-29 14:37:28', NULL, -1, -1, NULL),
(440, 54, 14, 0, '2023-06-29 14:37:28', '2023-06-29 14:37:28', NULL, -1, -1, NULL),
(441, 54, 15, 0, '2023-06-29 14:37:28', '2023-06-29 14:37:28', NULL, -1, -1, NULL),
(442, 54, 16, 0, '2023-06-29 14:37:28', '2023-06-29 14:37:28', NULL, -1, -1, NULL),
(443, 54, 17, 0, '2023-06-29 14:37:28', '2023-06-29 14:37:28', NULL, -1, -1, NULL),
(444, 54, 18, 1180, '2023-06-29 14:37:28', '2023-06-29 14:37:28', NULL, -1, -1, NULL),
(445, 55, 11, 474, '2023-06-29 14:37:34', '2023-06-29 14:37:34', NULL, -1, -1, NULL),
(446, 55, 12, 0, '2023-06-29 14:37:34', '2023-06-29 14:37:34', NULL, -1, -1, NULL),
(447, 55, 15, 0, '2023-06-29 14:37:34', '2023-06-29 14:37:34', NULL, -1, -1, NULL),
(448, 55, 16, 0, '2023-06-29 14:37:34', '2023-06-29 14:37:34', NULL, -1, -1, NULL),
(449, 55, 13, 0, '2023-06-29 14:37:34', '2023-06-29 14:37:34', NULL, -1, -1, NULL),
(450, 55, 14, 0, '2023-06-29 14:37:34', '2023-06-29 14:37:34', NULL, -1, -1, NULL),
(451, 55, 17, 0, '2023-06-29 14:37:34', '2023-06-29 14:37:34', NULL, -1, -1, NULL),
(452, 55, 18, 0, '2023-06-29 14:37:34', '2023-06-29 14:37:34', NULL, -1, -1, NULL),
(453, 56, 11, 465, '2023-06-29 14:39:47', '2023-06-29 14:39:47', NULL, -1, -1, NULL),
(454, 56, 12, 0, '2023-06-29 14:39:47', '2023-06-29 14:39:47', NULL, -1, -1, NULL),
(455, 56, 13, 0, '2023-06-29 14:39:47', '2023-06-29 14:39:47', NULL, -1, -1, NULL),
(456, 56, 14, 0, '2023-06-29 14:39:47', '2023-06-29 14:39:47', NULL, -1, -1, NULL),
(457, 56, 15, 0, '2023-06-29 14:39:47', '2023-06-29 14:39:47', NULL, -1, -1, NULL),
(458, 56, 16, 0, '2023-06-29 14:39:47', '2023-06-29 14:39:47', NULL, -1, -1, NULL),
(459, 56, 17, 0, '2023-06-29 14:39:47', '2023-06-29 14:39:47', NULL, -1, -1, NULL),
(460, 56, 18, 1120, '2023-06-29 14:39:47', '2023-06-29 14:39:47', NULL, -1, -1, NULL),
(461, 57, 11, 474, '2023-06-29 14:39:59', '2023-06-29 14:39:59', NULL, -1, -1, NULL),
(462, 57, 13, 0, '2023-06-29 14:39:59', '2023-06-29 14:39:59', NULL, -1, -1, NULL),
(463, 57, 12, 0, '2023-06-29 14:39:59', '2023-06-29 14:39:59', NULL, -1, -1, NULL),
(464, 57, 15, 0, '2023-06-29 14:39:59', '2023-06-29 14:39:59', NULL, -1, -1, NULL),
(465, 57, 14, 0, '2023-06-29 14:39:59', '2023-06-29 14:39:59', NULL, -1, -1, NULL),
(466, 57, 16, 0, '2023-06-29 14:39:59', '2023-06-29 14:39:59', NULL, -1, -1, NULL),
(467, 57, 17, 0, '2023-06-29 14:39:59', '2023-06-29 14:39:59', NULL, -1, -1, NULL),
(468, 57, 18, 1230, '2023-06-29 14:39:59', '2023-06-29 14:39:59', NULL, -1, -1, NULL),
(469, 58, 11, 465, '2023-06-29 14:40:09', '2023-06-29 14:40:09', NULL, -1, -1, NULL),
(470, 58, 15, 0, '2023-06-29 14:40:09', '2023-06-29 14:40:09', NULL, -1, -1, NULL),
(471, 58, 14, 0, '2023-06-29 14:40:09', '2023-06-29 14:40:09', NULL, -1, -1, NULL),
(472, 58, 12, 0, '2023-06-29 14:40:09', '2023-06-29 14:40:09', NULL, -1, -1, NULL),
(473, 58, 13, 0, '2023-06-29 14:40:09', '2023-06-29 14:40:09', NULL, -1, -1, NULL),
(474, 58, 16, 0, '2023-06-29 14:40:09', '2023-06-29 14:40:09', NULL, -1, -1, NULL),
(475, 58, 17, 0, '2023-06-29 14:40:09', '2023-06-29 14:40:09', NULL, -1, -1, NULL),
(476, 58, 18, 2180, '2023-06-29 14:40:09', '2023-06-29 14:40:09', NULL, -1, -1, NULL),
(477, 59, 15, 0, '2023-06-29 14:40:14', '2023-06-29 14:40:14', NULL, -1, -1, NULL),
(478, 59, 14, 0, '2023-06-29 14:40:14', '2023-06-29 14:40:14', NULL, -1, -1, NULL),
(479, 59, 11, 474, '2023-06-29 14:40:14', '2023-06-29 14:40:14', NULL, -1, -1, NULL),
(480, 59, 16, 0, '2023-06-29 14:40:14', '2023-06-29 14:40:14', NULL, -1, -1, NULL),
(481, 59, 12, 0, '2023-06-29 14:40:14', '2023-06-29 14:40:14', NULL, -1, -1, NULL),
(482, 59, 13, 0, '2023-06-29 14:40:14', '2023-06-29 14:40:14', NULL, -1, -1, NULL),
(483, 59, 17, 0, '2023-06-29 14:40:14', '2023-06-29 14:40:14', NULL, -1, -1, NULL),
(484, 59, 18, 0, '2023-06-29 14:40:14', '2023-06-29 14:40:14', NULL, -1, -1, NULL),
(485, 60, 15, 0, '2023-06-29 14:40:20', '2023-06-29 14:40:20', NULL, -1, -1, NULL),
(486, 60, 12, 0, '2023-06-29 14:40:20', '2023-06-29 14:40:20', NULL, -1, -1, NULL),
(487, 60, 11, 465, '2023-06-29 14:40:20', '2023-06-29 14:40:20', NULL, -1, -1, NULL),
(488, 60, 13, 0, '2023-06-29 14:40:20', '2023-06-29 14:40:20', NULL, -1, -1, NULL),
(489, 60, 16, 0, '2023-06-29 14:40:20', '2023-06-29 14:40:20', NULL, -1, -1, NULL),
(490, 60, 14, 0, '2023-06-29 14:40:20', '2023-06-29 14:40:20', NULL, -1, -1, NULL),
(491, 60, 17, 0, '2023-06-29 14:40:20', '2023-06-29 14:40:20', NULL, -1, -1, NULL),
(492, 60, 18, 0, '2023-06-29 14:40:20', '2023-06-29 14:40:20', NULL, -1, -1, NULL),
(493, 61, 15, 0, '2023-06-29 14:40:36', '2023-06-29 14:40:36', NULL, -1, -1, NULL),
(494, 61, 16, 0, '2023-06-29 14:40:36', '2023-06-29 14:40:36', NULL, -1, -1, NULL),
(495, 61, 12, 730, '2023-06-29 14:40:36', '2023-06-29 14:40:36', NULL, -1, -1, NULL),
(496, 61, 11, 1200, '2023-06-29 14:40:36', '2023-06-29 14:40:36', NULL, -1, -1, NULL),
(497, 61, 14, 0, '2023-06-29 14:40:36', '2023-06-29 14:40:36', NULL, -1, -1, NULL),
(498, 61, 13, 500, '2023-06-29 14:40:36', '2023-06-29 14:40:36', NULL, -1, -1, NULL),
(499, 61, 17, 0, '2023-06-29 14:40:36', '2023-06-29 14:40:36', NULL, -1, -1, NULL),
(500, 61, 18, 2000, '2023-06-29 14:40:36', '2023-06-29 14:40:36', NULL, -1, -1, NULL),
(501, 62, 12, 0, '2023-06-29 14:40:46', '2023-06-29 14:40:46', NULL, -1, -1, NULL),
(502, 62, 11, 474, '2023-06-29 14:40:46', '2023-06-29 14:40:46', NULL, -1, -1, NULL),
(503, 62, 13, 0, '2023-06-29 14:40:46', '2023-06-29 14:40:46', NULL, -1, -1, NULL),
(504, 62, 15, 0, '2023-06-29 14:40:46', '2023-06-29 14:40:46', NULL, -1, -1, NULL),
(505, 62, 14, 0, '2023-06-29 14:40:46', '2023-06-29 14:40:46', NULL, -1, -1, NULL),
(506, 62, 16, 0, '2023-06-29 14:40:46', '2023-06-29 14:40:46', NULL, -1, -1, NULL),
(507, 62, 17, 0, '2023-06-29 14:40:46', '2023-06-29 14:40:46', NULL, -1, -1, NULL),
(508, 62, 18, 1530, '2023-06-29 14:40:46', '2023-06-29 14:40:46', NULL, -1, -1, NULL),
(509, 63, 11, 486, '2023-06-29 14:40:58', '2023-06-29 14:40:58', NULL, -1, -1, NULL),
(510, 63, 13, 0, '2023-06-29 14:40:58', '2023-06-29 14:40:58', NULL, -1, -1, NULL),
(511, 63, 14, 0, '2023-06-29 14:40:58', '2023-06-29 14:40:58', NULL, -1, -1, NULL),
(512, 63, 12, 0, '2023-06-29 14:40:58', '2023-06-29 14:40:58', NULL, -1, -1, NULL),
(513, 63, 16, 0, '2023-06-29 14:40:58', '2023-06-29 14:40:58', NULL, -1, -1, NULL),
(514, 63, 15, 0, '2023-06-29 14:40:58', '2023-06-29 14:40:58', NULL, -1, -1, NULL),
(515, 63, 17, 0, '2023-06-29 14:40:58', '2023-06-29 14:40:58', NULL, -1, -1, NULL),
(516, 63, 18, 500, '2023-06-29 14:40:58', '2023-06-29 14:40:58', NULL, -1, -1, NULL),
(517, 64, 11, 474, '2023-06-29 14:41:40', '2023-06-29 14:41:40', NULL, -1, -1, NULL),
(518, 64, 12, 0, '2023-06-29 14:41:40', '2023-06-29 14:41:40', NULL, -1, -1, NULL),
(519, 64, 13, 0, '2023-06-29 14:41:40', '2023-06-29 14:41:40', NULL, -1, -1, NULL),
(520, 64, 14, 0, '2023-06-29 14:41:40', '2023-06-29 14:41:40', NULL, -1, -1, NULL),
(521, 64, 15, 0, '2023-06-29 14:41:40', '2023-06-29 14:41:40', NULL, -1, -1, NULL),
(522, 64, 16, 0, '2023-06-29 14:41:40', '2023-06-29 14:41:40', NULL, -1, -1, NULL),
(523, 64, 17, 0, '2023-06-29 14:41:40', '2023-06-29 14:41:40', NULL, -1, -1, NULL),
(524, 64, 18, 500, '2023-06-29 14:41:40', '2023-06-29 14:41:40', NULL, -1, -1, NULL),
(525, 65, 11, 483, '2023-06-29 14:41:50', '2023-06-29 14:41:50', NULL, -1, -1, NULL),
(526, 65, 12, 0, '2023-06-29 14:41:50', '2023-06-29 14:41:50', NULL, -1, -1, NULL),
(527, 65, 13, 0, '2023-06-29 14:41:50', '2023-06-29 14:41:50', NULL, -1, -1, NULL),
(528, 65, 14, 0, '2023-06-29 14:41:50', '2023-06-29 14:41:50', NULL, -1, -1, NULL),
(529, 65, 15, 0, '2023-06-29 14:41:50', '2023-06-29 14:41:50', NULL, -1, -1, NULL),
(530, 65, 16, 0, '2023-06-29 14:41:50', '2023-06-29 14:41:50', NULL, -1, -1, NULL),
(531, 65, 17, 0, '2023-06-29 14:41:50', '2023-06-29 14:41:50', NULL, -1, -1, NULL),
(532, 65, 18, 1190, '2023-06-29 14:41:50', '2023-06-29 14:41:50', NULL, -1, -1, NULL),
(533, 66, 11, 474, '2023-06-29 14:42:05', '2023-06-29 14:42:05', NULL, -1, -1, NULL),
(534, 66, 14, 0, '2023-06-29 14:42:05', '2023-06-29 14:42:05', NULL, -1, -1, NULL),
(535, 66, 12, 0, '2023-06-29 14:42:05', '2023-06-29 14:42:05', NULL, -1, -1, NULL),
(536, 66, 13, 0, '2023-06-29 14:42:05', '2023-06-29 14:42:05', NULL, -1, -1, NULL),
(537, 66, 15, 0, '2023-06-29 14:42:05', '2023-06-29 14:42:05', NULL, -1, -1, NULL),
(538, 66, 16, 0, '2023-06-29 14:42:05', '2023-06-29 14:42:05', NULL, -1, -1, NULL),
(539, 66, 17, 0, '2023-06-29 14:42:05', '2023-06-29 14:42:05', NULL, -1, -1, NULL),
(540, 66, 18, 1090, '2023-06-29 14:42:05', '2023-06-29 14:42:05', NULL, -1, -1, NULL),
(541, 67, 14, 0, '2023-06-29 14:42:15', '2023-06-29 14:42:15', NULL, -1, -1, NULL),
(542, 67, 11, 474, '2023-06-29 14:42:15', '2023-06-29 14:42:15', NULL, -1, -1, NULL),
(543, 67, 13, 0, '2023-06-29 14:42:15', '2023-06-29 14:42:15', NULL, -1, -1, NULL),
(544, 67, 12, 0, '2023-06-29 14:42:15', '2023-06-29 14:42:15', NULL, -1, -1, NULL),
(545, 67, 15, 0, '2023-06-29 14:42:15', '2023-06-29 14:42:15', NULL, -1, -1, NULL),
(546, 67, 17, 0, '2023-06-29 14:42:15', '2023-06-29 14:42:15', NULL, -1, -1, NULL),
(547, 67, 16, 0, '2023-06-29 14:42:15', '2023-06-29 14:42:15', NULL, -1, -1, NULL),
(548, 67, 18, 4480, '2023-06-29 14:42:15', '2023-06-29 14:42:15', NULL, -1, -1, NULL),
(549, 68, 11, 468, '2023-06-29 14:42:30', '2023-06-29 14:42:30', NULL, -1, -1, NULL),
(550, 68, 12, 0, '2023-06-29 14:42:30', '2023-06-29 14:42:30', NULL, -1, -1, NULL),
(551, 68, 14, 0, '2023-06-29 14:42:30', '2023-06-29 14:42:30', NULL, -1, -1, NULL),
(552, 68, 13, 0, '2023-06-29 14:42:30', '2023-06-29 14:42:30', NULL, -1, -1, NULL),
(553, 68, 15, 0, '2023-06-29 14:42:30', '2023-06-29 14:42:30', NULL, -1, -1, NULL),
(554, 68, 16, 0, '2023-06-29 14:42:30', '2023-06-29 14:42:30', NULL, -1, -1, NULL),
(555, 68, 17, 0, '2023-06-29 14:42:30', '2023-06-29 14:42:30', NULL, -1, -1, NULL),
(556, 68, 18, 1000, '2023-06-29 14:42:30', '2023-06-29 14:42:30', NULL, -1, -1, NULL),
(557, 69, 12, 0, '2023-06-29 14:42:41', '2023-06-29 14:42:41', NULL, -1, -1, NULL),
(558, 69, 11, 465, '2023-06-29 14:42:41', '2023-06-29 14:42:41', NULL, -1, -1, NULL),
(559, 69, 13, 0, '2023-06-29 14:42:41', '2023-06-29 14:42:41', NULL, -1, -1, NULL),
(560, 69, 14, 0, '2023-06-29 14:42:41', '2023-06-29 14:42:41', NULL, -1, -1, NULL),
(561, 69, 16, 0, '2023-06-29 14:42:41', '2023-06-29 14:42:41', NULL, -1, -1, NULL),
(562, 69, 15, 0, '2023-06-29 14:42:41', '2023-06-29 14:42:41', NULL, -1, -1, NULL),
(563, 69, 17, 0, '2023-06-29 14:42:41', '2023-06-29 14:42:41', NULL, -1, -1, NULL),
(564, 69, 18, 1190, '2023-06-29 14:42:41', '2023-06-29 14:42:41', NULL, -1, -1, NULL),
(565, 70, 12, 0, '2023-06-29 14:42:50', '2023-06-29 14:42:50', NULL, -1, -1, NULL),
(566, 70, 11, 465, '2023-06-29 14:42:50', '2023-06-29 14:42:50', NULL, -1, -1, NULL),
(567, 70, 13, 0, '2023-06-29 14:42:50', '2023-06-29 14:42:50', NULL, -1, -1, NULL),
(568, 70, 14, 0, '2023-06-29 14:42:50', '2023-06-29 14:42:50', NULL, -1, -1, NULL),
(569, 70, 16, 0, '2023-06-29 14:42:50', '2023-06-29 14:42:50', NULL, -1, -1, NULL),
(570, 70, 15, 0, '2023-06-29 14:42:50', '2023-06-29 14:42:50', NULL, -1, -1, NULL),
(571, 70, 17, 0, '2023-06-29 14:42:50', '2023-06-29 14:42:50', NULL, -1, -1, NULL),
(572, 70, 18, 1000, '2023-06-29 14:42:50', '2023-06-29 14:42:50', NULL, -1, -1, NULL),
(573, 71, 13, 0, '2023-06-29 14:43:01', '2023-06-29 14:43:01', NULL, -1, -1, NULL),
(574, 71, 12, 0, '2023-06-29 14:43:01', '2023-06-29 14:43:01', NULL, -1, -1, NULL),
(575, 71, 14, 0, '2023-06-29 14:43:01', '2023-06-29 14:43:01', NULL, -1, -1, NULL),
(576, 71, 15, 0, '2023-06-29 14:43:01', '2023-06-29 14:43:01', NULL, -1, -1, NULL),
(577, 71, 16, 0, '2023-06-29 14:43:01', '2023-06-29 14:43:01', NULL, -1, -1, NULL),
(578, 71, 11, 474, '2023-06-29 14:43:01', '2023-06-29 14:43:01', NULL, -1, -1, NULL),
(579, 71, 17, 0, '2023-06-29 14:43:01', '2023-06-29 14:43:01', NULL, -1, -1, NULL),
(580, 71, 18, 1070, '2023-06-29 14:43:01', '2023-06-29 14:43:01', NULL, -1, -1, NULL),
(581, 72, 12, 0, '2023-06-29 14:43:21', '2023-06-29 14:43:21', NULL, -1, -1, NULL),
(582, 72, 14, 0, '2023-06-29 14:43:21', '2023-06-29 14:43:21', NULL, -1, -1, NULL),
(583, 72, 13, 0, '2023-06-29 14:43:21', '2023-06-29 14:43:21', NULL, -1, -1, NULL),
(584, 72, 11, 489, '2023-06-29 14:43:21', '2023-06-29 14:43:21', NULL, -1, -1, NULL),
(585, 72, 16, 0, '2023-06-29 14:43:21', '2023-06-29 14:43:21', NULL, -1, -1, NULL),
(586, 72, 15, 0, '2023-06-29 14:43:21', '2023-06-29 14:43:21', NULL, -1, -1, NULL),
(587, 72, 17, 0, '2023-06-29 14:43:22', '2023-06-29 14:43:22', NULL, -1, -1, NULL),
(588, 72, 18, 1190, '2023-06-29 14:43:22', '2023-06-29 14:43:22', NULL, -1, -1, NULL),
(589, 73, 14, 0, '2023-06-29 14:43:30', '2023-06-29 14:43:30', NULL, -1, -1, NULL),
(590, 73, 11, 489, '2023-06-29 14:43:30', '2023-06-29 14:43:30', NULL, -1, -1, NULL),
(591, 73, 15, 0, '2023-06-29 14:43:30', '2023-06-29 14:43:30', NULL, -1, -1, NULL),
(592, 73, 16, 0, '2023-06-29 14:43:30', '2023-06-29 14:43:30', NULL, -1, -1, NULL),
(593, 73, 13, 0, '2023-06-29 14:43:30', '2023-06-29 14:43:30', NULL, -1, -1, NULL),
(594, 73, 12, 0, '2023-06-29 14:43:30', '2023-06-29 14:43:30', NULL, -1, -1, NULL),
(595, 73, 17, 0, '2023-06-29 14:43:30', '2023-06-29 14:43:30', NULL, -1, -1, NULL),
(596, 73, 18, 1660, '2023-06-29 14:43:30', '2023-06-29 14:43:30', NULL, -1, -1, NULL),
(597, 74, 14, 0, '2023-06-29 14:43:40', '2023-06-29 14:43:40', NULL, -1, -1, NULL),
(598, 74, 15, 0, '2023-06-29 14:43:40', '2023-06-29 14:43:40', NULL, -1, -1, NULL),
(599, 74, 13, 0, '2023-06-29 14:43:40', '2023-06-29 14:43:40', NULL, -1, -1, NULL),
(600, 74, 11, 465, '2023-06-29 14:43:40', '2023-06-29 14:43:40', NULL, -1, -1, NULL),
(601, 74, 16, 0, '2023-06-29 14:43:40', '2023-06-29 14:43:40', NULL, -1, -1, NULL),
(602, 74, 12, 0, '2023-06-29 14:43:40', '2023-06-29 14:43:40', NULL, -1, -1, NULL),
(603, 74, 17, 0, '2023-06-29 14:43:40', '2023-06-29 14:43:40', NULL, -1, -1, NULL),
(604, 74, 18, 2320, '2023-06-29 14:43:40', '2023-06-29 14:43:40', NULL, -1, -1, NULL),
(605, 75, 11, 462, '2023-06-29 14:44:05', '2023-06-29 14:44:05', NULL, -1, -1, NULL),
(606, 75, 12, 0, '2023-06-29 14:44:05', '2023-06-29 14:44:05', NULL, -1, -1, NULL),
(607, 75, 13, 0, '2023-06-29 14:44:05', '2023-06-29 14:44:05', NULL, -1, -1, NULL),
(608, 75, 14, 0, '2023-06-29 14:44:05', '2023-06-29 14:44:05', NULL, -1, -1, NULL),
(609, 75, 15, 0, '2023-06-29 14:44:05', '2023-06-29 14:44:05', NULL, -1, -1, NULL),
(610, 75, 16, 0, '2023-06-29 14:44:06', '2023-06-29 14:44:06', NULL, -1, -1, NULL),
(611, 75, 18, 500, '2023-06-29 14:44:06', '2023-06-29 14:44:06', NULL, -1, -1, NULL),
(612, 75, 17, 0, '2023-06-29 14:44:06', '2023-06-29 14:44:06', NULL, -1, -1, NULL),
(613, 76, 12, 0, '2023-06-29 14:44:14', '2023-06-29 14:44:14', NULL, -1, -1, NULL),
(614, 76, 11, 450, '2023-06-29 14:44:14', '2023-06-29 14:44:14', NULL, -1, -1, NULL),
(615, 76, 14, 0, '2023-06-29 14:44:14', '2023-06-29 14:44:14', NULL, -1, -1, NULL),
(616, 76, 13, 0, '2023-06-29 14:44:14', '2023-06-29 14:44:14', NULL, -1, -1, NULL),
(617, 76, 16, 0, '2023-06-29 14:44:14', '2023-06-29 14:44:14', NULL, -1, -1, NULL),
(618, 76, 15, 0, '2023-06-29 14:44:14', '2023-06-29 14:44:14', NULL, -1, -1, NULL);
INSERT INTO `PayrollTransactionItems` (`PayrollTransactionItemId`, `PayrollTransactionId`, `PropertyTypeId`, `Amount`, `DateCreated`, `DateModified`, `DateDeleted`, `CreatedBy`, `ModifiedBy`, `DeletedBy`) VALUES
(619, 76, 17, 0, '2023-06-29 14:44:14', '2023-06-29 14:44:14', NULL, -1, -1, NULL),
(620, 76, 18, 500, '2023-06-29 14:44:14', '2023-06-29 14:44:14', NULL, -1, -1, NULL),
(621, 77, 11, 450, '2023-06-29 14:44:22', '2023-06-29 14:44:22', NULL, -1, -1, NULL),
(622, 77, 12, 0, '2023-06-29 14:44:22', '2023-06-29 14:44:22', NULL, -1, -1, NULL),
(623, 77, 13, 0, '2023-06-29 14:44:22', '2023-06-29 14:44:22', NULL, -1, -1, NULL),
(624, 77, 15, 0, '2023-06-29 14:44:22', '2023-06-29 14:44:22', NULL, -1, -1, NULL),
(625, 77, 14, 0, '2023-06-29 14:44:22', '2023-06-29 14:44:22', NULL, -1, -1, NULL),
(626, 77, 17, 0, '2023-06-29 14:44:22', '2023-06-29 14:44:22', NULL, -1, -1, NULL),
(627, 77, 16, 0, '2023-06-29 14:44:22', '2023-06-29 14:44:22', NULL, -1, -1, NULL),
(628, 77, 18, 500, '2023-06-29 14:44:22', '2023-06-29 14:44:22', NULL, -1, -1, NULL),
(629, 78, 13, 0, '2023-06-29 14:44:30', '2023-06-29 14:44:30', NULL, -1, -1, NULL),
(630, 78, 11, 450, '2023-06-29 14:44:30', '2023-06-29 14:44:30', NULL, -1, -1, NULL),
(631, 78, 15, 0, '2023-06-29 14:44:30', '2023-06-29 14:44:30', NULL, -1, -1, NULL),
(632, 78, 12, 0, '2023-06-29 14:44:30', '2023-06-29 14:44:30', NULL, -1, -1, NULL),
(633, 78, 14, 0, '2023-06-29 14:44:30', '2023-06-29 14:44:30', NULL, -1, -1, NULL),
(634, 78, 16, 0, '2023-06-29 14:44:30', '2023-06-29 14:44:30', NULL, -1, -1, NULL),
(635, 78, 17, 0, '2023-06-29 14:44:30', '2023-06-29 14:44:30', NULL, -1, -1, NULL),
(636, 78, 18, 500, '2023-06-29 14:44:30', '2023-06-29 14:44:30', NULL, -1, -1, NULL),
(637, 79, 11, 450, '2023-06-29 14:44:47', '2023-06-29 14:44:47', NULL, -1, -1, NULL),
(638, 79, 14, 0, '2023-06-29 14:44:47', '2023-06-29 14:44:47', NULL, -1, -1, NULL),
(639, 79, 13, 0, '2023-06-29 14:44:47', '2023-06-29 14:44:47', NULL, -1, -1, NULL),
(640, 79, 16, 0, '2023-06-29 14:44:47', '2023-06-29 14:44:47', NULL, -1, -1, NULL),
(641, 79, 15, 0, '2023-06-29 14:44:47', '2023-06-29 14:44:47', NULL, -1, -1, NULL),
(642, 79, 12, 0, '2023-06-29 14:44:47', '2023-06-29 14:44:47', NULL, -1, -1, NULL),
(643, 79, 17, 0, '2023-06-29 14:44:47', '2023-06-29 14:44:47', NULL, -1, -1, NULL),
(644, 79, 18, 500, '2023-06-29 14:44:47', '2023-06-29 14:44:47', NULL, -1, -1, NULL),
(645, 80, 12, 0, '2023-06-29 14:44:55', '2023-06-29 14:44:55', NULL, -1, -1, NULL),
(646, 80, 16, 0, '2023-06-29 14:44:55', '2023-06-29 14:44:55', NULL, -1, -1, NULL),
(647, 80, 13, 0, '2023-06-29 14:44:55', '2023-06-29 14:44:55', NULL, -1, -1, NULL),
(648, 80, 11, 450, '2023-06-29 14:44:55', '2023-06-29 14:44:55', NULL, -1, -1, NULL),
(649, 80, 15, 0, '2023-06-29 14:44:55', '2023-06-29 14:44:55', NULL, -1, -1, NULL),
(650, 80, 14, 0, '2023-06-29 14:44:55', '2023-06-29 14:44:55', NULL, -1, -1, NULL),
(651, 80, 17, 0, '2023-06-29 14:44:55', '2023-06-29 14:44:55', NULL, -1, -1, NULL),
(652, 80, 18, 500, '2023-06-29 14:44:55', '2023-06-29 14:44:55', NULL, -1, -1, NULL),
(653, 81, 14, 0, '2023-06-29 14:45:06', '2023-06-29 14:45:06', NULL, -1, -1, NULL),
(654, 81, 13, 0, '2023-06-29 14:45:06', '2023-06-29 14:45:06', NULL, -1, -1, NULL),
(655, 81, 15, 0, '2023-06-29 14:45:06', '2023-06-29 14:45:06', NULL, -1, -1, NULL),
(656, 81, 16, 0, '2023-06-29 14:45:06', '2023-06-29 14:45:06', NULL, -1, -1, NULL),
(657, 81, 12, 0, '2023-06-29 14:45:06', '2023-06-29 14:45:06', NULL, -1, -1, NULL),
(658, 81, 11, 474, '2023-06-29 14:45:06', '2023-06-29 14:45:06', NULL, -1, -1, NULL),
(659, 81, 18, 1630, '2023-06-29 14:45:06', '2023-06-29 14:45:06', NULL, -1, -1, NULL),
(660, 81, 17, 0, '2023-06-29 14:45:06', '2023-06-29 14:45:06', NULL, -1, -1, NULL),
(661, 82, 11, 474, '2023-06-29 14:45:15', '2023-06-29 14:45:15', NULL, -1, -1, NULL),
(662, 82, 12, 0, '2023-06-29 14:45:15', '2023-06-29 14:45:15', NULL, -1, -1, NULL),
(663, 82, 13, 0, '2023-06-29 14:45:15', '2023-06-29 14:45:15', NULL, -1, -1, NULL),
(664, 82, 15, 0, '2023-06-29 14:45:15', '2023-06-29 14:45:15', NULL, -1, -1, NULL),
(665, 82, 14, 0, '2023-06-29 14:45:15', '2023-06-29 14:45:15', NULL, -1, -1, NULL),
(666, 82, 16, 0, '2023-06-29 14:45:15', '2023-06-29 14:45:15', NULL, -1, -1, NULL),
(667, 82, 17, 0, '2023-06-29 14:45:15', '2023-06-29 14:45:15', NULL, -1, -1, NULL),
(668, 82, 18, 500, '2023-06-29 14:45:15', '2023-06-29 14:45:15', NULL, -1, -1, NULL),
(669, 83, 14, 0, '2023-06-29 14:45:22', '2023-06-29 14:45:22', NULL, -1, -1, NULL),
(670, 83, 12, 0, '2023-06-29 14:45:22', '2023-06-29 14:45:22', NULL, -1, -1, NULL),
(671, 83, 13, 0, '2023-06-29 14:45:22', '2023-06-29 14:45:22', NULL, -1, -1, NULL),
(672, 83, 11, 450, '2023-06-29 14:45:22', '2023-06-29 14:45:22', NULL, -1, -1, NULL),
(673, 83, 15, 0, '2023-06-29 14:45:22', '2023-06-29 14:45:22', NULL, -1, -1, NULL),
(674, 83, 16, 0, '2023-06-29 14:45:22', '2023-06-29 14:45:22', NULL, -1, -1, NULL),
(675, 83, 18, 300, '2023-06-29 14:45:22', '2023-06-29 14:45:22', NULL, -1, -1, NULL),
(676, 83, 17, 0, '2023-06-29 14:45:22', '2023-06-29 14:45:22', NULL, -1, -1, NULL),
(677, 84, 12, 0, '2023-06-29 14:45:30', '2023-06-29 14:45:30', NULL, -1, -1, NULL),
(678, 84, 14, 0, '2023-06-29 14:45:30', '2023-06-29 14:45:30', NULL, -1, -1, NULL),
(679, 84, 13, 0, '2023-06-29 14:45:30', '2023-06-29 14:45:30', NULL, -1, -1, NULL),
(680, 84, 11, 450, '2023-06-29 14:45:30', '2023-06-29 14:45:30', NULL, -1, -1, NULL),
(681, 84, 15, 0, '2023-06-29 14:45:30', '2023-06-29 14:45:30', NULL, -1, -1, NULL),
(682, 84, 16, 0, '2023-06-29 14:45:30', '2023-06-29 14:45:30', NULL, -1, -1, NULL),
(683, 84, 17, 0, '2023-06-29 14:45:30', '2023-06-29 14:45:30', NULL, -1, -1, NULL),
(684, 84, 18, 300, '2023-06-29 14:45:30', '2023-06-29 14:45:30', NULL, -1, -1, NULL),
(685, 85, 16, 0, '2023-06-29 14:45:36', '2023-06-29 14:45:36', NULL, -1, -1, NULL),
(686, 85, 15, 0, '2023-06-29 14:45:36', '2023-06-29 14:45:36', NULL, -1, -1, NULL),
(687, 85, 12, 0, '2023-06-29 14:45:36', '2023-06-29 14:45:36', NULL, -1, -1, NULL),
(688, 85, 11, 450, '2023-06-29 14:45:36', '2023-06-29 14:45:36', NULL, -1, -1, NULL),
(689, 85, 14, 0, '2023-06-29 14:45:36', '2023-06-29 14:45:36', NULL, -1, -1, NULL),
(690, 85, 13, 0, '2023-06-29 14:45:36', '2023-06-29 14:45:36', NULL, -1, -1, NULL),
(691, 85, 18, 300, '2023-06-29 14:45:36', '2023-06-29 14:45:36', NULL, -1, -1, NULL),
(692, 85, 17, 0, '2023-06-29 14:45:36', '2023-06-29 14:45:36', NULL, -1, -1, NULL),
(693, 86, 12, 0, '2023-06-29 14:45:48', '2023-06-29 14:45:48', NULL, -1, -1, NULL),
(694, 86, 16, 0, '2023-06-29 14:45:48', '2023-06-29 14:45:48', NULL, -1, -1, NULL),
(695, 86, 11, 450, '2023-06-29 14:45:48', '2023-06-29 14:45:48', NULL, -1, -1, NULL),
(696, 86, 14, 0, '2023-06-29 14:45:48', '2023-06-29 14:45:48', NULL, -1, -1, NULL),
(697, 86, 15, 0, '2023-06-29 14:45:48', '2023-06-29 14:45:48', NULL, -1, -1, NULL),
(698, 86, 13, 0, '2023-06-29 14:45:48', '2023-06-29 14:45:48', NULL, -1, -1, NULL),
(699, 86, 17, 0, '2023-06-29 14:45:48', '2023-06-29 14:45:48', NULL, -1, -1, NULL),
(700, 86, 18, 500, '2023-06-29 14:45:48', '2023-06-29 14:45:48', NULL, -1, -1, NULL),
(701, 87, 11, 450, '2023-06-29 14:45:54', '2023-06-29 14:45:54', NULL, -1, -1, NULL),
(702, 87, 13, 0, '2023-06-29 14:45:54', '2023-06-29 14:45:54', NULL, -1, -1, NULL),
(703, 87, 14, 0, '2023-06-29 14:45:54', '2023-06-29 14:45:54', NULL, -1, -1, NULL),
(704, 87, 12, 0, '2023-06-29 14:45:54', '2023-06-29 14:45:54', NULL, -1, -1, NULL),
(705, 87, 15, 0, '2023-06-29 14:45:54', '2023-06-29 14:45:54', NULL, -1, -1, NULL),
(706, 87, 16, 0, '2023-06-29 14:45:54', '2023-06-29 14:45:54', NULL, -1, -1, NULL),
(707, 87, 17, 0, '2023-06-29 14:45:54', '2023-06-29 14:45:54', NULL, -1, -1, NULL),
(708, 87, 18, 1000, '2023-06-29 14:45:54', '2023-06-29 14:45:54', NULL, -1, -1, NULL),
(709, 88, 11, 450, '2023-06-29 14:46:02', '2023-06-29 14:46:02', NULL, -1, -1, NULL),
(710, 88, 12, 0, '2023-06-29 14:46:02', '2023-06-29 14:46:02', NULL, -1, -1, NULL),
(711, 88, 13, 0, '2023-06-29 14:46:02', '2023-06-29 14:46:02', NULL, -1, -1, NULL),
(712, 88, 15, 0, '2023-06-29 14:46:02', '2023-06-29 14:46:02', NULL, -1, -1, NULL),
(713, 88, 16, 0, '2023-06-29 14:46:02', '2023-06-29 14:46:02', NULL, -1, -1, NULL),
(714, 88, 14, 0, '2023-06-29 14:46:02', '2023-06-29 14:46:02', NULL, -1, -1, NULL),
(715, 88, 18, 300, '2023-06-29 14:46:02', '2023-06-29 14:46:02', NULL, -1, -1, NULL),
(716, 88, 17, 0, '2023-06-29 14:46:02', '2023-06-29 14:46:02', NULL, -1, -1, NULL),
(717, 89, 11, 450, '2023-06-29 14:46:27', '2023-06-29 14:46:27', NULL, -1, -1, NULL),
(718, 89, 12, 0, '2023-06-29 14:46:27', '2023-06-29 14:46:27', NULL, -1, -1, NULL),
(719, 89, 13, 0, '2023-06-29 14:46:27', '2023-06-29 14:46:27', NULL, -1, -1, NULL),
(720, 89, 15, 0, '2023-06-29 14:46:27', '2023-06-29 14:46:27', NULL, -1, -1, NULL),
(721, 89, 16, 0, '2023-06-29 14:46:27', '2023-06-29 14:46:27', NULL, -1, -1, NULL),
(722, 89, 14, 0, '2023-06-29 14:46:27', '2023-06-29 14:46:27', NULL, -1, -1, NULL),
(723, 89, 17, 0, '2023-06-29 14:46:27', '2023-06-29 14:46:27', NULL, -1, -1, NULL),
(724, 89, 18, 500, '2023-06-29 14:46:27', '2023-06-29 14:46:27', NULL, -1, -1, NULL),
(725, 90, 12, 0, '2023-06-29 14:46:36', '2023-06-29 14:46:36', NULL, -1, -1, NULL),
(726, 90, 13, 0, '2023-06-29 14:46:37', '2023-06-29 14:46:37', NULL, -1, -1, NULL),
(727, 90, 11, 450, '2023-06-29 14:46:37', '2023-06-29 14:46:37', NULL, -1, -1, NULL),
(728, 90, 14, 0, '2023-06-29 14:46:37', '2023-06-29 14:46:37', NULL, -1, -1, NULL),
(729, 90, 16, 0, '2023-06-29 14:46:37', '2023-06-29 14:46:37', NULL, -1, -1, NULL),
(730, 90, 15, 0, '2023-06-29 14:46:37', '2023-06-29 14:46:37', NULL, -1, -1, NULL),
(731, 90, 17, 0, '2023-06-29 14:46:37', '2023-06-29 14:46:37', NULL, -1, -1, NULL),
(732, 90, 18, 1000, '2023-06-29 14:46:37', '2023-06-29 14:46:37', NULL, -1, -1, NULL),
(733, 91, 11, 450, '2023-06-29 14:46:49', '2023-06-29 14:46:49', NULL, -1, -1, NULL),
(734, 91, 15, 0, '2023-06-29 14:46:49', '2023-06-29 14:46:49', NULL, -1, -1, NULL),
(735, 91, 14, 0, '2023-06-29 14:46:49', '2023-06-29 14:46:49', NULL, -1, -1, NULL),
(736, 91, 13, 0, '2023-06-29 14:46:49', '2023-06-29 14:46:49', NULL, -1, -1, NULL),
(737, 91, 12, 0, '2023-06-29 14:46:49', '2023-06-29 14:46:49', NULL, -1, -1, NULL),
(738, 91, 16, 0, '2023-06-29 14:46:49', '2023-06-29 14:46:49', NULL, -1, -1, NULL),
(739, 91, 17, 0, '2023-06-29 14:46:49', '2023-06-29 14:46:49', NULL, -1, -1, NULL),
(740, 91, 18, 500, '2023-06-29 14:46:49', '2023-06-29 14:46:49', NULL, -1, -1, NULL),
(741, 92, 16, 0, '2023-06-29 14:46:55', '2023-06-29 14:46:55', NULL, -1, -1, NULL),
(742, 92, 15, 0, '2023-06-29 14:46:55', '2023-06-29 14:46:55', NULL, -1, -1, NULL),
(743, 92, 13, 0, '2023-06-29 14:46:55', '2023-06-29 14:46:55', NULL, -1, -1, NULL),
(744, 92, 12, 0, '2023-06-29 14:46:55', '2023-06-29 14:46:55', NULL, -1, -1, NULL),
(745, 92, 11, 450, '2023-06-29 14:46:55', '2023-06-29 14:46:55', NULL, -1, -1, NULL),
(746, 92, 14, 0, '2023-06-29 14:46:55', '2023-06-29 14:46:55', NULL, -1, -1, NULL),
(747, 92, 17, 0, '2023-06-29 14:46:55', '2023-06-29 14:46:55', NULL, -1, -1, NULL),
(748, 92, 18, 2610, '2023-06-29 14:46:55', '2023-06-29 14:46:55', NULL, -1, -1, NULL),
(749, 93, 19, 0, '2023-06-29 14:47:24', '2023-06-29 14:47:24', NULL, -1, -1, NULL),
(750, 93, 18, 6300, '2023-06-29 14:47:24', '2023-06-29 14:47:24', NULL, -1, -1, NULL),
(751, 93, 17, 0, '2023-06-29 14:47:24', '2023-06-29 14:47:24', NULL, -1, -1, NULL),
(752, 93, 20, 0, '2023-06-29 14:47:24', '2023-06-29 14:47:24', NULL, -1, -1, NULL),
(753, 94, 19, 505, '2023-06-29 14:47:33', '2023-06-29 14:47:33', NULL, -1, -1, NULL),
(754, 94, 18, 0, '2023-06-29 14:47:33', '2023-06-29 14:47:33', NULL, -1, -1, NULL),
(755, 94, 17, 0, '2023-06-29 14:47:33', '2023-06-29 14:47:33', NULL, -1, -1, NULL),
(756, 94, 20, 0, '2023-06-29 14:47:33', '2023-06-29 14:47:33', NULL, -1, -1, NULL),
(757, 95, 18, 0, '2023-06-29 14:47:42', '2023-06-29 14:47:42', NULL, -1, -1, NULL),
(758, 95, 17, 0, '2023-06-29 14:47:42', '2023-06-29 14:47:42', NULL, -1, -1, NULL),
(759, 95, 20, 0, '2023-06-29 14:47:42', '2023-06-29 14:47:42', NULL, -1, -1, NULL),
(760, 95, 19, 430, '2023-06-29 14:47:42', '2023-06-29 14:47:42', NULL, -1, -1, NULL),
(761, 96, 20, 0, '2023-06-29 14:47:54', '2023-06-29 14:47:54', NULL, -1, -1, NULL),
(762, 96, 19, 440, '2023-06-29 14:47:54', '2023-06-29 14:47:54', NULL, -1, -1, NULL),
(763, 96, 17, 0, '2023-06-29 14:47:54', '2023-06-29 14:47:54', NULL, -1, -1, NULL),
(764, 96, 18, 1770, '2023-06-29 14:47:54', '2023-06-29 14:47:54', NULL, -1, -1, NULL),
(765, 97, 20, 0, '2023-06-29 14:48:02', '2023-06-29 14:48:02', NULL, -1, -1, NULL),
(766, 97, 18, 0, '2023-06-29 14:48:02', '2023-06-29 14:48:02', NULL, -1, -1, NULL),
(767, 97, 19, 690, '2023-06-29 14:48:02', '2023-06-29 14:48:02', NULL, -1, -1, NULL),
(768, 97, 17, 0, '2023-06-29 14:48:02', '2023-06-29 14:48:02', NULL, -1, -1, NULL),
(769, 98, 18, 1000, '2023-06-29 14:48:09', '2023-06-29 14:48:09', NULL, -1, -1, NULL),
(770, 98, 17, 0, '2023-06-29 14:48:09', '2023-06-29 14:48:09', NULL, -1, -1, NULL),
(771, 98, 20, 0, '2023-06-29 14:48:09', '2023-06-29 14:48:09', NULL, -1, -1, NULL),
(772, 98, 19, 0, '2023-06-29 14:48:09', '2023-06-29 14:48:09', NULL, -1, -1, NULL),
(773, 99, 19, 440, '2023-06-29 14:48:20', '2023-06-29 14:48:20', NULL, -1, -1, NULL),
(774, 99, 18, 1000, '2023-06-29 14:48:20', '2023-06-29 14:48:20', NULL, -1, -1, NULL),
(775, 99, 20, 0, '2023-06-29 14:48:20', '2023-06-29 14:48:20', NULL, -1, -1, NULL),
(776, 99, 17, 0, '2023-06-29 14:48:20', '2023-06-29 14:48:20', NULL, -1, -1, NULL),
(777, 100, 19, 0, '2023-06-29 14:49:19', '2023-06-29 14:49:19', NULL, -1, -1, NULL),
(778, 100, 18, 300, '2023-06-29 14:49:19', '2023-06-29 14:49:19', NULL, -1, -1, NULL),
(779, 100, 17, 0, '2023-06-29 14:49:19', '2023-06-29 14:49:19', NULL, -1, -1, NULL),
(780, 100, 20, 0, '2023-06-29 14:49:19', '2023-06-29 14:49:19', NULL, -1, -1, NULL),
(781, 101, 19, 425, '2023-06-29 14:51:48', '2023-06-29 14:51:48', NULL, -1, -1, NULL),
(782, 101, 18, 1000, '2023-06-29 14:51:48', '2023-06-29 14:51:48', NULL, -1, -1, NULL),
(783, 101, 17, 500, '2023-06-29 14:51:48', '2023-06-29 14:51:48', NULL, -1, -1, NULL),
(784, 101, 20, 0, '2023-06-29 14:51:48', '2023-06-29 14:51:48', NULL, -1, -1, NULL),
(785, 102, 19, 0, '2023-06-29 14:52:00', '2023-06-29 14:52:00', NULL, -1, -1, NULL),
(786, 102, 17, 0, '2023-06-29 14:52:00', '2023-06-29 14:52:00', NULL, -1, -1, NULL),
(787, 102, 18, 0, '2023-06-29 14:52:00', '2023-06-29 14:52:00', NULL, -1, -1, NULL),
(788, 102, 20, 5100, '2023-06-29 14:52:00', '2023-06-29 14:52:00', NULL, -1, -1, NULL),
(789, 103, 20, 0, '2023-06-29 14:52:09', '2023-06-29 14:52:09', NULL, -1, -1, NULL),
(790, 103, 19, 0, '2023-06-29 14:52:09', '2023-06-29 14:52:09', NULL, -1, -1, NULL),
(791, 103, 18, 830, '2023-06-29 14:52:09', '2023-06-29 14:52:09', NULL, -1, -1, NULL),
(792, 103, 17, 0, '2023-06-29 14:52:09', '2023-06-29 14:52:09', NULL, -1, -1, NULL),
(793, 104, 17, 0, '2023-06-29 14:52:19', '2023-06-29 14:52:19', NULL, -1, -1, NULL),
(794, 104, 18, 500, '2023-06-29 14:52:19', '2023-06-29 14:52:19', NULL, -1, -1, NULL),
(795, 104, 19, 0, '2023-06-29 14:52:19', '2023-06-29 14:52:19', NULL, -1, -1, NULL),
(796, 104, 20, 0, '2023-06-29 14:52:19', '2023-06-29 14:52:19', NULL, -1, -1, NULL),
(797, 105, 19, 450, '2023-06-29 14:52:28', '2023-06-29 14:52:28', NULL, -1, -1, NULL),
(798, 105, 18, 500, '2023-06-29 14:52:28', '2023-06-29 14:52:28', NULL, -1, -1, NULL),
(799, 105, 17, 0, '2023-06-29 14:52:28', '2023-06-29 14:52:28', NULL, -1, -1, NULL),
(800, 105, 20, 0, '2023-06-29 14:52:28', '2023-06-29 14:52:28', NULL, -1, -1, NULL),
(801, 106, 18, 300, '2023-06-29 14:52:36', '2023-06-29 14:52:36', NULL, -1, -1, NULL),
(802, 106, 19, 0, '2023-06-29 14:52:36', '2023-06-29 14:52:36', NULL, -1, -1, NULL),
(803, 106, 17, 0, '2023-06-29 14:52:36', '2023-06-29 14:52:36', NULL, -1, -1, NULL),
(804, 106, 20, 0, '2023-06-29 14:52:36', '2023-06-29 14:52:36', NULL, -1, -1, NULL),
(805, 107, 19, 0, '2023-06-29 14:52:52', '2023-06-29 14:52:52', NULL, -1, -1, NULL),
(806, 107, 17, 0, '2023-06-29 14:52:52', '2023-06-29 14:52:52', NULL, -1, -1, NULL),
(807, 107, 20, 0, '2023-06-29 14:52:52', '2023-06-29 14:52:52', NULL, -1, -1, NULL),
(808, 107, 18, 300, '2023-06-29 14:52:52', '2023-06-29 14:52:52', NULL, -1, -1, NULL),
(809, 108, 17, 0, '2023-06-29 14:53:11', '2023-06-29 14:53:11', NULL, -1, -1, NULL),
(810, 108, 18, 0, '2023-06-29 14:53:11', '2023-06-29 14:53:11', NULL, -1, -1, NULL),
(811, 108, 20, 1000, '2023-06-29 14:53:11', '2023-06-29 14:53:11', NULL, -1, -1, NULL),
(812, 108, 19, 0, '2023-06-29 14:53:11', '2023-06-29 14:53:11', NULL, -1, -1, NULL),
(813, 109, 18, 0, '2023-06-29 14:53:24', '2023-06-29 14:53:24', NULL, -1, -1, NULL),
(814, 109, 19, 0, '2023-06-29 14:53:24', '2023-06-29 14:53:24', NULL, -1, -1, NULL),
(815, 109, 17, 0, '2023-06-29 14:53:24', '2023-06-29 14:53:24', NULL, -1, -1, NULL),
(816, 109, 20, 0, '2023-06-29 14:53:24', '2023-06-29 14:53:24', NULL, -1, -1, NULL),
(817, 110, 19, 750, '2023-06-29 14:59:02', '2023-06-29 14:59:02', NULL, -1, -1, NULL),
(818, 110, 17, 0, '2023-06-29 14:59:02', '2023-06-29 14:59:02', NULL, -1, -1, NULL),
(819, 110, 18, 1060, '2023-06-29 14:59:02', '2023-06-29 14:59:02', NULL, -1, -1, NULL),
(820, 110, 20, 1190, '2023-06-29 14:59:02', '2023-06-29 14:59:02', NULL, -1, -1, NULL),
(821, 111, 19, 510, '2023-06-29 14:59:17', '2023-06-29 14:59:17', NULL, -1, -1, NULL),
(822, 111, 17, 0, '2023-06-29 14:59:17', '2023-06-29 14:59:17', NULL, -1, -1, NULL),
(823, 111, 18, 0, '2023-06-29 14:59:17', '2023-06-29 14:59:17', NULL, -1, -1, NULL),
(824, 111, 20, 2000, '2023-06-29 14:59:17', '2023-06-29 14:59:17', NULL, -1, -1, NULL),
(825, 112, 19, 435, '2023-06-29 14:59:26', '2023-06-29 14:59:26', NULL, -1, -1, NULL),
(826, 112, 18, 0, '2023-06-29 14:59:26', '2023-06-29 14:59:26', NULL, -1, -1, NULL),
(827, 112, 17, 0, '2023-06-29 14:59:26', '2023-06-29 14:59:26', NULL, -1, -1, NULL),
(828, 112, 20, 0, '2023-06-29 14:59:26', '2023-06-29 14:59:26', NULL, -1, -1, NULL),
(829, 113, 20, 0, '2023-06-29 14:59:36', '2023-06-29 14:59:36', NULL, -1, -1, NULL),
(830, 113, 18, 4280, '2023-06-29 14:59:36', '2023-06-29 14:59:36', NULL, -1, -1, NULL),
(831, 113, 17, 0, '2023-06-29 14:59:36', '2023-06-29 14:59:36', NULL, -1, -1, NULL),
(832, 113, 19, 0, '2023-06-29 14:59:36', '2023-06-29 14:59:36', NULL, -1, -1, NULL),
(833, 114, 18, 0, '2023-06-29 14:59:45', '2023-06-29 14:59:45', NULL, -1, -1, NULL),
(834, 114, 19, 0, '2023-06-29 14:59:45', '2023-06-29 14:59:45', NULL, -1, -1, NULL),
(835, 114, 20, 3000, '2023-06-29 14:59:45', '2023-06-29 14:59:45', NULL, -1, -1, NULL),
(836, 114, 17, 0, '2023-06-29 14:59:45', '2023-06-29 14:59:45', NULL, -1, -1, NULL),
(841, 115, 18, 500, '2023-06-29 15:00:03', '2023-06-29 15:00:03', NULL, -1, -1, NULL),
(842, 115, 19, 0, '2023-06-29 15:00:03', '2023-06-29 15:00:03', NULL, -1, -1, NULL),
(843, 115, 17, 0, '2023-06-29 15:00:03', '2023-06-29 15:00:03', NULL, -1, -1, NULL),
(844, 115, 20, 0, '2023-06-29 15:00:03', '2023-06-29 15:00:03', NULL, -1, -1, NULL),
(845, 116, 19, 650, '2023-06-29 15:00:13', '2023-06-29 15:00:13', NULL, -1, -1, NULL),
(846, 116, 17, 0, '2023-06-29 15:00:13', '2023-06-29 15:00:13', NULL, -1, -1, NULL),
(847, 116, 20, 0, '2023-06-29 15:00:13', '2023-06-29 15:00:13', NULL, -1, -1, NULL),
(848, 116, 18, 500, '2023-06-29 15:00:13', '2023-06-29 15:00:13', NULL, -1, -1, NULL),
(849, 117, 18, 0, '2023-06-29 15:00:25', '2023-06-29 15:00:25', NULL, -1, -1, NULL),
(850, 117, 19, 650, '2023-06-29 15:00:25', '2023-06-29 15:00:25', NULL, -1, -1, NULL),
(851, 117, 17, 0, '2023-06-29 15:00:25', '2023-06-29 15:00:25', NULL, -1, -1, NULL),
(852, 117, 20, 0, '2023-06-29 15:00:25', '2023-06-29 15:00:25', NULL, -1, -1, NULL),
(853, 118, 17, 0, '2023-06-29 15:00:36', '2023-06-29 15:00:36', NULL, -1, -1, NULL),
(854, 118, 19, 500, '2023-06-29 15:00:36', '2023-06-29 15:00:36', NULL, -1, -1, NULL),
(855, 118, 18, 0, '2023-06-29 15:00:36', '2023-06-29 15:00:36', NULL, -1, -1, NULL),
(856, 118, 20, 0, '2023-06-29 15:00:36', '2023-06-29 15:00:36', NULL, -1, -1, NULL),
(857, 119, 19, 400, '2023-06-29 15:00:42', '2023-06-29 15:00:42', NULL, -1, -1, NULL),
(858, 119, 18, 0, '2023-06-29 15:00:42', '2023-06-29 15:00:42', NULL, -1, -1, NULL),
(859, 119, 20, 0, '2023-06-29 15:00:42', '2023-06-29 15:00:42', NULL, -1, -1, NULL),
(860, 119, 17, 0, '2023-06-29 15:00:42', '2023-06-29 15:00:42', NULL, -1, -1, NULL),
(861, 120, 19, 450, '2023-06-29 15:00:51', '2023-06-29 15:00:51', NULL, -1, -1, NULL),
(862, 120, 18, 0, '2023-06-29 15:00:51', '2023-06-29 15:00:51', NULL, -1, -1, NULL),
(863, 120, 17, 0, '2023-06-29 15:00:51', '2023-06-29 15:00:51', NULL, -1, -1, NULL),
(864, 120, 20, 0, '2023-06-29 15:00:51', '2023-06-29 15:00:51', NULL, -1, -1, NULL),
(984, 121, 20, 0, '2023-06-29 16:22:40', '2023-06-29 16:22:40', NULL, -1, -1, NULL),
(983, 121, 18, NULL, '2023-06-29 16:22:40', '2023-06-29 16:22:40', NULL, -1, -1, NULL),
(981, 121, 19, 650, '2023-06-29 16:22:40', '2023-06-29 16:22:40', NULL, -1, -1, NULL),
(982, 121, 17, 0, '2023-06-29 16:22:40', '2023-06-29 16:22:40', NULL, -1, -1, NULL),
(879, 122, 17, 0, '2023-06-29 15:01:54', '2023-06-29 15:01:54', NULL, -1, -1, NULL),
(877, 122, 19, 650, '2023-06-29 15:01:54', '2023-06-29 15:01:54', NULL, -1, -1, NULL),
(878, 122, 18, 300, '2023-06-29 15:01:54', '2023-06-29 15:01:54', NULL, -1, -1, NULL),
(880, 122, 20, 0, '2023-06-29 15:01:54', '2023-06-29 15:01:54', NULL, -1, -1, NULL),
(881, 123, 19, 0, '2023-06-29 15:02:04', '2023-06-29 15:02:04', NULL, -1, -1, NULL),
(882, 123, 18, 500, '2023-06-29 15:02:04', '2023-06-29 15:02:04', NULL, -1, -1, NULL),
(883, 123, 17, 0, '2023-06-29 15:02:04', '2023-06-29 15:02:04', NULL, -1, -1, NULL),
(884, 123, 20, 0, '2023-06-29 15:02:04', '2023-06-29 15:02:04', NULL, -1, -1, NULL),
(885, 124, 19, 0, '2023-06-29 15:02:17', '2023-06-29 15:02:17', NULL, -1, -1, NULL),
(886, 124, 17, 0, '2023-06-29 15:02:17', '2023-06-29 15:02:17', NULL, -1, -1, NULL),
(887, 124, 18, 0, '2023-06-29 15:02:17', '2023-06-29 15:02:17', NULL, -1, -1, NULL),
(888, 124, 20, 1000, '2023-06-29 15:02:17', '2023-06-29 15:02:17', NULL, -1, -1, NULL),
(889, 125, 19, 0, '2023-06-29 15:02:24', '2023-06-29 15:02:24', NULL, -1, -1, NULL),
(890, 125, 18, 0, '2023-06-29 15:02:24', '2023-06-29 15:02:24', NULL, -1, -1, NULL),
(891, 125, 20, 1000, '2023-06-29 15:02:24', '2023-06-29 15:02:24', NULL, -1, -1, NULL),
(892, 125, 17, 0, '2023-06-29 15:02:24', '2023-06-29 15:02:24', NULL, -1, -1, NULL),
(893, 126, 19, 0, '2023-06-29 15:02:30', '2023-06-29 15:02:30', NULL, -1, -1, NULL),
(894, 126, 20, 1000, '2023-06-29 15:02:30', '2023-06-29 15:02:30', NULL, -1, -1, NULL),
(895, 126, 17, 0, '2023-06-29 15:02:30', '2023-06-29 15:02:30', NULL, -1, -1, NULL),
(896, 126, 18, 0, '2023-06-29 15:02:30', '2023-06-29 15:02:30', NULL, -1, -1, NULL),
(897, 127, 19, 0, '2023-06-29 15:02:35', '2023-06-29 15:02:35', NULL, -1, -1, NULL),
(898, 127, 20, 1000, '2023-06-29 15:02:35', '2023-06-29 15:02:35', NULL, -1, -1, NULL),
(899, 127, 18, 0, '2023-06-29 15:02:35', '2023-06-29 15:02:35', NULL, -1, -1, NULL),
(900, 127, 17, 0, '2023-06-29 15:02:35', '2023-06-29 15:02:35', NULL, -1, -1, NULL),
(901, 128, 19, 0, '2023-06-29 15:02:41', '2023-06-29 15:02:41', NULL, -1, -1, NULL),
(902, 128, 18, 0, '2023-06-29 15:02:41', '2023-06-29 15:02:41', NULL, -1, -1, NULL),
(903, 128, 20, 1000, '2023-06-29 15:02:41', '2023-06-29 15:02:41', NULL, -1, -1, NULL),
(904, 128, 17, 0, '2023-06-29 15:02:41', '2023-06-29 15:02:41', NULL, -1, -1, NULL),
(905, 129, 19, 0, '2023-06-29 15:02:46', '2023-06-29 15:02:46', NULL, -1, -1, NULL),
(906, 129, 17, 0, '2023-06-29 15:02:46', '2023-06-29 15:02:46', NULL, -1, -1, NULL),
(907, 129, 18, 0, '2023-06-29 15:02:46', '2023-06-29 15:02:46', NULL, -1, -1, NULL),
(908, 129, 20, 1000, '2023-06-29 15:02:46', '2023-06-29 15:02:46', NULL, -1, -1, NULL),
(909, 130, 19, 0, '2023-06-29 15:02:53', '2023-06-29 15:02:53', NULL, -1, -1, NULL),
(910, 130, 17, 0, '2023-06-29 15:02:53', '2023-06-29 15:02:53', NULL, -1, -1, NULL),
(911, 130, 18, 0, '2023-06-29 15:02:53', '2023-06-29 15:02:53', NULL, -1, -1, NULL),
(912, 130, 20, 1000, '2023-06-29 15:02:53', '2023-06-29 15:02:53', NULL, -1, -1, NULL),
(913, 131, 18, 0, '2023-06-29 15:02:59', '2023-06-29 15:02:59', NULL, -1, -1, NULL),
(914, 131, 17, 0, '2023-06-29 15:02:59', '2023-06-29 15:02:59', NULL, -1, -1, NULL),
(915, 131, 19, 0, '2023-06-29 15:02:59', '2023-06-29 15:02:59', NULL, -1, -1, NULL),
(916, 131, 20, 1000, '2023-06-29 15:02:59', '2023-06-29 15:02:59', NULL, -1, -1, NULL),
(917, 132, 18, 0, '2023-06-29 15:03:05', '2023-06-29 15:03:05', NULL, -1, -1, NULL),
(918, 132, 17, 0, '2023-06-29 15:03:05', '2023-06-29 15:03:05', NULL, -1, -1, NULL),
(919, 132, 19, 0, '2023-06-29 15:03:05', '2023-06-29 15:03:05', NULL, -1, -1, NULL),
(920, 132, 20, 1000, '2023-06-29 15:03:05', '2023-06-29 15:03:05', NULL, -1, -1, NULL),
(921, 133, 18, 0, '2023-06-29 15:03:10', '2023-06-29 15:03:10', NULL, -1, -1, NULL),
(922, 133, 19, 0, '2023-06-29 15:03:10', '2023-06-29 15:03:10', NULL, -1, -1, NULL),
(923, 133, 17, 0, '2023-06-29 15:03:10', '2023-06-29 15:03:10', NULL, -1, -1, NULL),
(924, 133, 20, 1000, '2023-06-29 15:03:10', '2023-06-29 15:03:10', NULL, -1, -1, NULL),
(925, 134, 19, 0, '2023-06-29 15:03:16', '2023-06-29 15:03:16', NULL, -1, -1, NULL),
(926, 134, 18, 0, '2023-06-29 15:03:16', '2023-06-29 15:03:16', NULL, -1, -1, NULL),
(927, 134, 17, 0, '2023-06-29 15:03:16', '2023-06-29 15:03:16', NULL, -1, -1, NULL),
(928, 134, 20, 1000, '2023-06-29 15:03:16', '2023-06-29 15:03:16', NULL, -1, -1, NULL),
(929, 135, 18, 0, '2023-06-29 15:03:22', '2023-06-29 15:03:22', NULL, -1, -1, NULL),
(930, 135, 20, 1000, '2023-06-29 15:03:22', '2023-06-29 15:03:22', NULL, -1, -1, NULL),
(931, 135, 19, 0, '2023-06-29 15:03:22', '2023-06-29 15:03:22', NULL, -1, -1, NULL),
(932, 135, 17, 0, '2023-06-29 15:03:22', '2023-06-29 15:03:22', NULL, -1, -1, NULL),
(933, 136, 18, 0, '2023-06-29 15:03:28', '2023-06-29 15:03:28', NULL, -1, -1, NULL),
(934, 136, 17, 0, '2023-06-29 15:03:28', '2023-06-29 15:03:28', NULL, -1, -1, NULL),
(935, 136, 19, 0, '2023-06-29 15:03:28', '2023-06-29 15:03:28', NULL, -1, -1, NULL),
(936, 136, 20, 1000, '2023-06-29 15:03:28', '2023-06-29 15:03:28', NULL, -1, -1, NULL),
(937, 137, 19, 0, '2023-06-29 15:03:35', '2023-06-29 15:03:35', NULL, -1, -1, NULL),
(938, 137, 18, 0, '2023-06-29 15:03:35', '2023-06-29 15:03:35', NULL, -1, -1, NULL),
(939, 137, 20, 1000, '2023-06-29 15:03:35', '2023-06-29 15:03:35', NULL, -1, -1, NULL),
(940, 137, 17, 0, '2023-06-29 15:03:35', '2023-06-29 15:03:35', NULL, -1, -1, NULL),
(941, 138, 19, 0, '2023-06-29 15:03:47', '2023-06-29 15:03:47', NULL, -1, -1, NULL),
(942, 138, 18, 0, '2023-06-29 15:03:47', '2023-06-29 15:03:47', NULL, -1, -1, NULL),
(943, 138, 20, 1000, '2023-06-29 15:03:47', '2023-06-29 15:03:47', NULL, -1, -1, NULL),
(944, 138, 17, 0, '2023-06-29 15:03:47', '2023-06-29 15:03:47', NULL, -1, -1, NULL),
(945, 139, 18, 0, '2023-06-29 15:03:55', '2023-06-29 15:03:55', NULL, -1, -1, NULL),
(946, 139, 17, 0, '2023-06-29 15:03:55', '2023-06-29 15:03:55', NULL, -1, -1, NULL),
(947, 139, 19, 0, '2023-06-29 15:03:55', '2023-06-29 15:03:55', NULL, -1, -1, NULL),
(948, 139, 20, 1000, '2023-06-29 15:03:55', '2023-06-29 15:03:55', NULL, -1, -1, NULL),
(949, 140, 19, 0, '2023-06-29 15:04:01', '2023-06-29 15:04:01', NULL, -1, -1, NULL),
(950, 140, 18, 0, '2023-06-29 15:04:01', '2023-06-29 15:04:01', NULL, -1, -1, NULL),
(951, 140, 17, 0, '2023-06-29 15:04:01', '2023-06-29 15:04:01', NULL, -1, -1, NULL),
(952, 140, 20, 1000, '2023-06-29 15:04:01', '2023-06-29 15:04:01', NULL, -1, -1, NULL),
(953, 141, 18, 0, '2023-06-29 15:04:18', '2023-06-29 15:04:18', NULL, -1, -1, NULL),
(954, 141, 19, 0, '2023-06-29 15:04:18', '2023-06-29 15:04:18', NULL, -1, -1, NULL),
(955, 141, 20, 0, '2023-06-29 15:04:18', '2023-06-29 15:04:18', NULL, -1, -1, NULL),
(956, 141, 17, 100, '2023-06-29 15:04:18', '2023-06-29 15:04:18', NULL, -1, -1, NULL);

-- --------------------------------------------------------

--
-- Table structure for table `PayrollTransactions`
--

CREATE TABLE `PayrollTransactions` (
  `PayrollTransactionId` int NOT NULL,
  `PayRollRunId` int NOT NULL,
  `EmployeeId` int NOT NULL,
  `DeductionId` int NOT NULL,
  `DateCreated` datetime NOT NULL,
  `DateModified` datetime NOT NULL,
  `DateDeleted` datetime DEFAULT NULL,
  `CreatedBy` int NOT NULL DEFAULT '-1',
  `ModifiedBy` int NOT NULL DEFAULT '-1',
  `DeletedBy` int DEFAULT NULL
) ENGINE=MyISAM DEFAULT CHARSET=tis620;

--
-- Dumping data for table `PayrollTransactions`
--

INSERT INTO `PayrollTransactions` (`PayrollTransactionId`, `PayRollRunId`, `EmployeeId`, `DeductionId`, `DateCreated`, `DateModified`, `DateDeleted`, `CreatedBy`, `ModifiedBy`, `DeletedBy`) VALUES
(1, 1, 2, 1, '2023-06-28 09:56:09', '2023-06-28 09:56:09', NULL, -1, -1, NULL),
(2, 1, 151, 2, '2023-06-29 11:26:29', '2023-06-29 11:26:29', NULL, -1, -1, NULL),
(3, 1, 1, 1, '2023-06-29 14:01:58', '2023-06-29 14:01:58', NULL, -1, -1, NULL),
(4, 1, 3, 1, '2023-06-29 14:02:49', '2023-06-29 14:02:49', NULL, -1, -1, NULL),
(5, 1, 4, 1, '2023-06-29 14:03:02', '2023-06-29 14:03:02', NULL, -1, -1, NULL),
(6, 1, 5, 1, '2023-06-29 14:03:25', '2023-06-29 14:03:25', NULL, -1, -1, NULL),
(7, 1, 6, 1, '2023-06-29 14:03:55', '2023-06-29 14:03:55', NULL, -1, -1, NULL),
(8, 1, 7, 1, '2023-06-29 14:04:13', '2023-06-29 14:04:13', NULL, -1, -1, NULL),
(9, 1, 8, 1, '2023-06-29 14:04:33', '2023-06-29 14:04:33', NULL, -1, -1, NULL),
(10, 1, 9, 1, '2023-06-29 14:04:49', '2023-06-29 14:04:49', NULL, -1, -1, NULL),
(11, 1, 10, 1, '2023-06-29 14:05:08', '2023-06-29 14:05:08', NULL, -1, -1, NULL),
(12, 1, 11, 1, '2023-06-29 14:05:32', '2023-06-29 14:05:32', NULL, -1, -1, NULL),
(13, 1, 12, 1, '2023-06-29 14:05:52', '2023-06-29 14:05:52', NULL, -1, -1, NULL),
(14, 1, 13, 1, '2023-06-29 14:06:32', '2023-06-29 14:06:32', NULL, -1, -1, NULL),
(15, 1, 14, 1, '2023-06-29 14:07:24', '2023-06-29 14:07:24', NULL, -1, -1, NULL),
(16, 1, 15, 1, '2023-06-29 14:07:45', '2023-06-29 14:07:45', NULL, -1, -1, NULL),
(17, 1, 16, 1, '2023-06-29 14:08:07', '2023-06-29 14:08:07', NULL, -1, -1, NULL),
(18, 1, 17, 1, '2023-06-29 14:08:26', '2023-06-29 14:08:26', NULL, -1, -1, NULL),
(19, 1, 18, 1, '2023-06-29 14:22:55', '2023-06-29 14:22:55', NULL, -1, -1, NULL),
(20, 1, 19, 1, '2023-06-29 14:23:13', '2023-06-29 14:23:13', NULL, -1, -1, NULL),
(21, 1, 20, 1, '2023-06-29 14:23:23', '2023-06-29 14:23:23', NULL, -1, -1, NULL),
(22, 1, 21, 1, '2023-06-29 14:23:48', '2023-06-29 14:23:48', NULL, -1, -1, NULL),
(23, 1, 22, 1, '2023-06-29 14:24:31', '2023-06-29 14:24:31', NULL, -1, -1, NULL),
(24, 1, 23, 1, '2023-06-29 14:25:30', '2023-06-29 14:25:30', NULL, -1, -1, NULL),
(25, 1, 24, 1, '2023-06-29 14:25:37', '2023-06-29 14:25:37', NULL, -1, -1, NULL),
(26, 1, 25, 1, '2023-06-29 14:25:49', '2023-06-29 14:25:49', NULL, -1, -1, NULL),
(27, 1, 26, 1, '2023-06-29 14:25:59', '2023-06-29 14:25:59', NULL, -1, -1, NULL),
(28, 1, 27, 1, '2023-06-29 14:26:07', '2023-06-29 14:26:07', NULL, -1, -1, NULL),
(29, 1, 28, 1, '2023-06-29 14:26:16', '2023-06-29 14:26:16', NULL, -1, -1, NULL),
(30, 1, 29, 1, '2023-06-29 14:26:28', '2023-06-29 14:26:28', NULL, -1, -1, NULL),
(31, 1, 30, 1, '2023-06-29 14:26:36', '2023-06-29 14:26:36', NULL, -1, -1, NULL),
(32, 1, 31, 1, '2023-06-29 14:26:51', '2023-06-29 14:26:51', NULL, -1, -1, NULL),
(33, 1, 32, 1, '2023-06-29 14:27:05', '2023-06-29 14:27:05', NULL, -1, -1, NULL),
(34, 1, 33, 1, '2023-06-29 14:27:18', '2023-06-29 14:27:18', NULL, -1, -1, NULL),
(35, 1, 34, 1, '2023-06-29 14:27:29', '2023-06-29 14:27:29', NULL, -1, -1, NULL),
(36, 1, 35, 1, '2023-06-29 14:27:45', '2023-06-29 14:27:45', NULL, -1, -1, NULL),
(37, 1, 36, 1, '2023-06-29 14:27:57', '2023-06-29 14:27:57', NULL, -1, -1, NULL),
(38, 1, 38, 1, '2023-06-29 14:28:13', '2023-06-29 14:28:13', NULL, -1, -1, NULL),
(39, 1, 39, 1, '2023-06-29 14:28:22', '2023-06-29 14:28:22', NULL, -1, -1, NULL),
(40, 1, 40, 1, '2023-06-29 14:28:57', '2023-06-29 14:28:57', NULL, -1, -1, NULL),
(41, 1, 41, 1, '2023-06-29 14:29:40', '2023-06-29 14:29:40', NULL, -1, -1, NULL),
(42, 1, 42, 1, '2023-06-29 14:32:58', '2023-06-29 14:32:58', NULL, -1, -1, NULL),
(43, 1, 43, 1, '2023-06-29 14:33:13', '2023-06-29 14:33:13', NULL, -1, -1, NULL),
(44, 1, 44, 1, '2023-06-29 14:33:19', '2023-06-29 14:33:19', NULL, -1, -1, NULL),
(45, 1, 45, 1, '2023-06-29 14:33:29', '2023-06-29 14:33:29', NULL, -1, -1, NULL),
(46, 1, 46, 1, '2023-06-29 14:33:46', '2023-06-29 14:33:46', NULL, -1, -1, NULL),
(47, 1, 47, 1, '2023-06-29 14:33:55', '2023-06-29 14:33:55', NULL, -1, -1, NULL),
(48, 1, 48, 1, '2023-06-29 14:34:08', '2023-06-29 14:34:08', NULL, -1, -1, NULL),
(49, 1, 49, 1, '2023-06-29 14:34:19', '2023-06-29 14:34:19', NULL, -1, -1, NULL),
(50, 1, 50, 1, '2023-06-29 14:34:24', '2023-06-29 14:34:24', NULL, -1, -1, NULL),
(51, 1, 52, 1, '2023-06-29 14:34:40', '2023-06-29 14:34:40', NULL, -1, -1, NULL),
(52, 1, 53, 1, '2023-06-29 14:34:49', '2023-06-29 14:34:49', NULL, -1, -1, NULL),
(53, 1, 54, 1, '2023-06-29 14:37:15', '2023-06-29 14:37:15', NULL, -1, -1, NULL),
(54, 1, 55, 1, '2023-06-29 14:37:28', '2023-06-29 14:37:28', NULL, -1, -1, NULL),
(55, 1, 56, 1, '2023-06-29 14:37:34', '2023-06-29 14:37:34', NULL, -1, -1, NULL),
(56, 1, 57, 1, '2023-06-29 14:39:47', '2023-06-29 14:39:47', NULL, -1, -1, NULL),
(57, 1, 58, 1, '2023-06-29 14:39:59', '2023-06-29 14:39:59', NULL, -1, -1, NULL),
(58, 1, 59, 1, '2023-06-29 14:40:09', '2023-06-29 14:40:09', NULL, -1, -1, NULL),
(59, 1, 60, 1, '2023-06-29 14:40:14', '2023-06-29 14:40:14', NULL, -1, -1, NULL),
(60, 1, 61, 1, '2023-06-29 14:40:20', '2023-06-29 14:40:20', NULL, -1, -1, NULL),
(61, 1, 62, 1, '2023-06-29 14:40:36', '2023-06-29 14:40:36', NULL, -1, -1, NULL),
(62, 1, 63, 1, '2023-06-29 14:40:46', '2023-06-29 14:40:46', NULL, -1, -1, NULL),
(63, 1, 65, 1, '2023-06-29 14:40:58', '2023-06-29 14:40:58', NULL, -1, -1, NULL),
(64, 1, 66, 1, '2023-06-29 14:41:40', '2023-06-29 14:41:40', NULL, -1, -1, NULL),
(65, 1, 67, 1, '2023-06-29 14:41:50', '2023-06-29 14:41:50', NULL, -1, -1, NULL),
(66, 1, 69, 1, '2023-06-29 14:42:05', '2023-06-29 14:42:05', NULL, -1, -1, NULL),
(67, 1, 70, 1, '2023-06-29 14:42:15', '2023-06-29 14:42:15', NULL, -1, -1, NULL),
(68, 1, 72, 1, '2023-06-29 14:42:30', '2023-06-29 14:42:30', NULL, -1, -1, NULL),
(69, 1, 74, 1, '2023-06-29 14:42:41', '2023-06-29 14:42:41', NULL, -1, -1, NULL),
(70, 1, 75, 1, '2023-06-29 14:42:50', '2023-06-29 14:42:50', NULL, -1, -1, NULL),
(71, 1, 76, 1, '2023-06-29 14:43:01', '2023-06-29 14:43:01', NULL, -1, -1, NULL),
(72, 1, 84, 1, '2023-06-29 14:43:21', '2023-06-29 14:43:21', NULL, -1, -1, NULL),
(73, 1, 87, 1, '2023-06-29 14:43:30', '2023-06-29 14:43:30', NULL, -1, -1, NULL),
(74, 1, 88, 1, '2023-06-29 14:43:40', '2023-06-29 14:43:40', NULL, -1, -1, NULL),
(75, 1, 91, 1, '2023-06-29 14:44:05', '2023-06-29 14:44:05', NULL, -1, -1, NULL),
(76, 1, 94, 1, '2023-06-29 14:44:14', '2023-06-29 14:44:14', NULL, -1, -1, NULL),
(77, 1, 95, 1, '2023-06-29 14:44:22', '2023-06-29 14:44:22', NULL, -1, -1, NULL),
(78, 1, 97, 1, '2023-06-29 14:44:30', '2023-06-29 14:44:30', NULL, -1, -1, NULL),
(79, 1, 103, 1, '2023-06-29 14:44:47', '2023-06-29 14:44:47', NULL, -1, -1, NULL),
(80, 1, 104, 1, '2023-06-29 14:44:55', '2023-06-29 14:44:55', NULL, -1, -1, NULL),
(81, 1, 105, 1, '2023-06-29 14:45:05', '2023-06-29 14:45:05', NULL, -1, -1, NULL),
(82, 1, 106, 1, '2023-06-29 14:45:15', '2023-06-29 14:45:15', NULL, -1, -1, NULL),
(83, 1, 107, 1, '2023-06-29 14:45:22', '2023-06-29 14:45:22', NULL, -1, -1, NULL),
(84, 1, 108, 1, '2023-06-29 14:45:30', '2023-06-29 14:45:30', NULL, -1, -1, NULL),
(85, 1, 109, 1, '2023-06-29 14:45:36', '2023-06-29 14:45:36', NULL, -1, -1, NULL),
(86, 1, 111, 1, '2023-06-29 14:45:48', '2023-06-29 14:45:48', NULL, -1, -1, NULL),
(87, 1, 112, 1, '2023-06-29 14:45:54', '2023-06-29 14:45:54', NULL, -1, -1, NULL),
(88, 1, 113, 1, '2023-06-29 14:46:02', '2023-06-29 14:46:02', NULL, -1, -1, NULL),
(89, 1, 114, 1, '2023-06-29 14:46:26', '2023-06-29 14:46:26', NULL, -1, -1, NULL),
(90, 1, 115, 1, '2023-06-29 14:46:36', '2023-06-29 14:46:36', NULL, -1, -1, NULL),
(91, 1, 118, 1, '2023-06-29 14:46:48', '2023-06-29 14:46:48', NULL, -1, -1, NULL),
(92, 1, 119, 1, '2023-06-29 14:46:55', '2023-06-29 14:46:55', NULL, -1, -1, NULL),
(93, 1, 122, 2, '2023-06-29 14:47:24', '2023-06-29 14:47:24', NULL, -1, -1, NULL),
(94, 1, 123, 2, '2023-06-29 14:47:33', '2023-06-29 14:47:33', NULL, -1, -1, NULL),
(95, 1, 125, 2, '2023-06-29 14:47:42', '2023-06-29 14:47:42', NULL, -1, -1, NULL),
(96, 1, 126, 2, '2023-06-29 14:47:54', '2023-06-29 14:47:54', NULL, -1, -1, NULL),
(97, 1, 127, 2, '2023-06-29 14:48:02', '2023-06-29 14:48:02', NULL, -1, -1, NULL),
(98, 1, 128, 2, '2023-06-29 14:48:09', '2023-06-29 14:48:09', NULL, -1, -1, NULL),
(99, 1, 129, 2, '2023-06-29 14:48:20', '2023-06-29 14:48:20', NULL, -1, -1, NULL),
(100, 1, 131, 2, '2023-06-29 14:49:19', '2023-06-29 14:49:19', NULL, -1, -1, NULL),
(101, 1, 132, 2, '2023-06-29 14:51:48', '2023-06-29 14:51:48', NULL, -1, -1, NULL),
(102, 1, 133, 2, '2023-06-29 14:52:00', '2023-06-29 14:52:00', NULL, -1, -1, NULL),
(103, 1, 134, 2, '2023-06-29 14:52:09', '2023-06-29 14:52:09', NULL, -1, -1, NULL),
(104, 1, 136, 2, '2023-06-29 14:52:19', '2023-06-29 14:52:19', NULL, -1, -1, NULL),
(105, 1, 137, 2, '2023-06-29 14:52:28', '2023-06-29 14:52:28', NULL, -1, -1, NULL),
(106, 1, 138, 2, '2023-06-29 14:52:36', '2023-06-29 14:52:36', NULL, -1, -1, NULL),
(107, 1, 139, 2, '2023-06-29 14:52:51', '2023-06-29 14:52:51', NULL, -1, -1, NULL),
(108, 1, 141, 2, '2023-06-29 14:53:11', '2023-06-29 14:53:11', NULL, -1, -1, NULL),
(109, 1, 142, 2, '2023-06-29 14:53:24', '2023-06-29 14:53:24', NULL, -1, -1, NULL),
(110, 1, 143, 2, '2023-06-29 14:59:02', '2023-06-29 14:59:02', NULL, -1, -1, NULL),
(111, 1, 144, 2, '2023-06-29 14:59:17', '2023-06-29 14:59:17', NULL, -1, -1, NULL),
(112, 1, 145, 2, '2023-06-29 14:59:26', '2023-06-29 14:59:26', NULL, -1, -1, NULL),
(113, 1, 146, 2, '2023-06-29 14:59:36', '2023-06-29 14:59:36', NULL, -1, -1, NULL),
(114, 1, 147, 2, '2023-06-29 14:59:45', '2023-06-29 14:59:45', NULL, -1, -1, NULL),
(115, 1, 152, 2, '2023-06-29 15:00:03', '2023-06-29 15:00:03', NULL, -1, -1, NULL),
(116, 1, 153, 2, '2023-06-29 15:00:13', '2023-06-29 15:00:13', NULL, -1, -1, NULL),
(117, 1, 154, 2, '2023-06-29 15:00:25', '2023-06-29 15:00:25', NULL, -1, -1, NULL),
(118, 1, 155, 2, '2023-06-29 15:00:36', '2023-06-29 15:00:36', NULL, -1, -1, NULL),
(119, 1, 156, 2, '2023-06-29 15:00:42', '2023-06-29 15:00:42', NULL, -1, -1, NULL),
(120, 1, 158, 2, '2023-06-29 15:00:51', '2023-06-29 15:00:51', NULL, -1, -1, NULL),
(121, 1, 159, 2, '2023-06-29 15:01:10', '2023-06-29 15:01:10', NULL, -1, -1, NULL),
(122, 1, 160, 2, '2023-06-29 15:01:31', '2023-06-29 15:01:31', NULL, -1, -1, NULL),
(123, 1, 161, 2, '2023-06-29 15:02:04', '2023-06-29 15:02:04', NULL, -1, -1, NULL),
(124, 1, 163, 2, '2023-06-29 15:02:17', '2023-06-29 15:02:17', NULL, -1, -1, NULL),
(125, 1, 164, 2, '2023-06-29 15:02:24', '2023-06-29 15:02:24', NULL, -1, -1, NULL),
(126, 1, 165, 2, '2023-06-29 15:02:30', '2023-06-29 15:02:30', NULL, -1, -1, NULL),
(127, 1, 166, 2, '2023-06-29 15:02:35', '2023-06-29 15:02:35', NULL, -1, -1, NULL),
(128, 1, 167, 2, '2023-06-29 15:02:41', '2023-06-29 15:02:41', NULL, -1, -1, NULL),
(129, 1, 168, 2, '2023-06-29 15:02:46', '2023-06-29 15:02:46', NULL, -1, -1, NULL),
(130, 1, 169, 2, '2023-06-29 15:02:53', '2023-06-29 15:02:53', NULL, -1, -1, NULL),
(131, 1, 170, 2, '2023-06-29 15:02:58', '2023-06-29 15:02:58', NULL, -1, -1, NULL),
(132, 1, 171, 2, '2023-06-29 15:03:05', '2023-06-29 15:03:05', NULL, -1, -1, NULL),
(133, 1, 172, 2, '2023-06-29 15:03:10', '2023-06-29 15:03:10', NULL, -1, -1, NULL),
(134, 1, 173, 2, '2023-06-29 15:03:16', '2023-06-29 15:03:16', NULL, -1, -1, NULL),
(135, 1, 174, 2, '2023-06-29 15:03:22', '2023-06-29 15:03:22', NULL, -1, -1, NULL),
(136, 1, 175, 2, '2023-06-29 15:03:28', '2023-06-29 15:03:28', NULL, -1, -1, NULL),
(137, 1, 176, 2, '2023-06-29 15:03:35', '2023-06-29 15:03:35', NULL, -1, -1, NULL),
(138, 1, 177, 2, '2023-06-29 15:03:47', '2023-06-29 15:03:47', NULL, -1, -1, NULL),
(139, 1, 178, 2, '2023-06-29 15:03:55', '2023-06-29 15:03:55', NULL, -1, -1, NULL),
(140, 1, 179, 2, '2023-06-29 15:04:01', '2023-06-29 15:04:01', NULL, -1, -1, NULL),
(141, 1, 182, 2, '2023-06-29 15:04:18', '2023-06-29 15:04:18', NULL, -1, -1, NULL);

-- --------------------------------------------------------

--
-- Table structure for table `PropertyTypeGroups`
--

CREATE TABLE `PropertyTypeGroups` (
  `PropertyTypeGroupId` int NOT NULL,
  `PropertyTypeGroupName` varchar(100) NOT NULL,
  `PropertyTypeGroupThaiName` varchar(100) DEFAULT NULL,
  `DateCreated` datetime NOT NULL,
  `DateModified` datetime NOT NULL,
  `DateDeleted` datetime DEFAULT NULL,
  `CreatedBy` int NOT NULL DEFAULT '-1',
  `ModifiedBy` int NOT NULL DEFAULT '-1',
  `DeletedBy` int DEFAULT NULL
) ENGINE=MyISAM DEFAULT CHARSET=tis620;

--
-- Dumping data for table `PropertyTypeGroups`
--

INSERT INTO `PropertyTypeGroups` (`PropertyTypeGroupId`, `PropertyTypeGroupName`, `PropertyTypeGroupThaiName`, `DateCreated`, `DateModified`, `DateDeleted`, `CreatedBy`, `ModifiedBy`, `DeletedBy`) VALUES
(1, 'EmployeeTypes', 'ประเภทพนักงาน', '2023-06-03 21:00:09', '2023-06-03 21:00:09', NULL, -1, -1, NULL),
(2, 'UserRoles', 'บทบาทของผู้ใช้', '2023-06-03 21:00:09', '2023-06-03 21:00:09', NULL, -1, -1, NULL),
(3, 'Genders', '', '2023-06-03 21:00:09', '2023-06-03 21:00:09', NULL, -1, -1, NULL),
(4, 'Deductions', 'หัก', '2023-06-03 21:00:10', '2023-06-03 21:00:10', NULL, -1, -1, NULL);

-- --------------------------------------------------------

--
-- Table structure for table `PropertyTypes`
--

CREATE TABLE `PropertyTypes` (
  `PropertyTypeId` int NOT NULL,
  `PropertyTypeGroupId` int NOT NULL,
  `PropertyTypeName` varchar(100) NOT NULL,
  `PropertyTypeThaiName` varchar(100) DEFAULT NULL,
  `Alias` varchar(100) DEFAULT NULL,
  `AllowableValues` varchar(100) DEFAULT NULL,
  `DateCreated` datetime NOT NULL,
  `DateModified` datetime NOT NULL,
  `DateDeleted` datetime DEFAULT NULL,
  `CreatedBy` int NOT NULL DEFAULT '-1',
  `ModifiedBy` int NOT NULL DEFAULT '-1',
  `DeletedBy` int DEFAULT NULL
) ENGINE=MyISAM DEFAULT CHARSET=tis620;

--
-- Dumping data for table `PropertyTypes`
--

INSERT INTO `PropertyTypes` (`PropertyTypeId`, `PropertyTypeGroupId`, `PropertyTypeName`, `PropertyTypeThaiName`, `Alias`, `AllowableValues`, `DateCreated`, `DateModified`, `DateDeleted`, `CreatedBy`, `ModifiedBy`, `DeletedBy`) VALUES
(1, 1, 'Management', 'ผู้บริหาร', NULL, NULL, '0000-00-00 00:00:00', '2023-06-03 21:00:09', NULL, -1, -1, NULL),
(2, 1, 'Department head', 'หัวหน้าแผนก', NULL, NULL, '0000-00-00 00:00:00', '2023-06-03 21:00:09', NULL, -1, -1, NULL),
(3, 1, 'Teacher', 'ครูบรรจุ', NULL, NULL, '0000-00-00 00:00:00', '2023-06-03 21:00:09', NULL, -1, -1, NULL),
(4, 1, 'Staff', 'ลูกจ้าง', NULL, NULL, '0000-00-00 00:00:00', '2023-06-03 21:00:09', NULL, -1, -1, NULL),
(5, 2, 'Admin', 'ผู้จัดการระบบ', NULL, NULL, '0000-00-00 00:00:00', '2023-06-03 21:00:09', NULL, -1, -1, NULL),
(6, 2, 'Management', 'ผู้บริหาร', NULL, NULL, '0000-00-00 00:00:00', '2023-06-03 21:00:09', NULL, -1, -1, NULL),
(7, 2, 'User', 'ผู้ใช้ทั่วไป', NULL, NULL, '0000-00-00 00:00:00', '2023-06-03 21:00:09', NULL, -1, -1, NULL),
(8, 3, 'Miss', 'น.ส.', NULL, NULL, '0000-00-00 00:00:00', '2023-06-03 21:00:09', NULL, -1, -1, NULL),
(9, 3, 'Mrs', 'นาง', NULL, NULL, '0000-00-00 00:00:00', '2023-06-03 21:00:09', NULL, -1, -1, NULL),
(10, 3, 'Mr', 'นาย', NULL, NULL, '0000-00-00 00:00:00', '2023-06-03 21:00:10', NULL, -1, -1, NULL),
(11, 4, 'Contribution for teacher', 'เงินสมทบ 3%', NULL, '3%', '0000-00-00 00:00:00', '2023-06-03 21:00:10', NULL, -1, -1, NULL),
(12, 4, 'CPK/CPS', 'ชพค/ชพส', NULL, NULL, '0000-00-00 00:00:00', '2023-06-03 21:00:10', NULL, -1, -1, NULL),
(13, 4, 'Cooperative', 'สหกรณ์', NULL, NULL, '0000-00-00 00:00:00', '2023-06-03 21:00:10', NULL, -1, -1, NULL),
(14, 4, 'OamSinth', 'ออมสิน', NULL, NULL, '0000-00-00 00:00:00', '2023-06-03 21:00:10', NULL, -1, -1, NULL),
(15, 4, 'GsbLoan', 'เงินกู้ สช.', NULL, NULL, '0000-00-00 00:00:00', '2023-06-03 21:00:10', NULL, -1, -1, NULL),
(16, 4, 'PrivateLoan', 'เงินกู้ กยศ', NULL, NULL, '0000-00-00 00:00:00', '2023-06-03 21:00:10', NULL, -1, -1, NULL),
(17, 4, 'Other', 'อื่นๆ', NULL, NULL, '0000-00-00 00:00:00', '2023-06-03 21:00:10', NULL, -1, -1, NULL),
(18, 4, 'Saving', 'ออมทรัพย์', NULL, NULL, '0000-00-00 00:00:00', '2023-06-03 21:00:10', NULL, -1, -1, NULL),
(19, 4, 'Contribution for staff', 'สปส 5%', NULL, '5%', '0000-00-00 00:00:00', '2023-06-03 21:00:10', NULL, -1, -1, NULL),
(20, 4, 'Insurance', 'ประกัน', NULL, NULL, '0000-00-00 00:00:00', '2023-06-03 21:00:10', NULL, -1, -1, NULL);

-- --------------------------------------------------------

--
-- Table structure for table `Users`
--

CREATE TABLE `Users` (
  `UserId` int NOT NULL,
  `Name` varchar(100) NOT NULL,
  `Password` varchar(255) NOT NULL,
  `Email` varchar(100) DEFAULT NULL,
  `Phone` varchar(100) DEFAULT NULL,
  `RoleId` int NOT NULL,
  `Image` varchar(100) DEFAULT NULL,
  `DateCreated` datetime NOT NULL,
  `DateModified` datetime NOT NULL,
  `DateDeleted` datetime DEFAULT NULL,
  `CreatedBy` int NOT NULL DEFAULT '-1',
  `ModifiedBy` int NOT NULL DEFAULT '-1',
  `DeletedBy` int DEFAULT NULL
) ENGINE=MyISAM DEFAULT CHARSET=tis620;

--
-- Dumping data for table `Users`
--

INSERT INTO `Users` (`UserId`, `Name`, `Password`, `Email`, `Phone`, `RoleId`, `Image`, `DateCreated`, `DateModified`, `DateDeleted`, `CreatedBy`, `ModifiedBy`, `DeletedBy`) VALUES
(1, 'kora', 'knn', 'kora@gmail.com', '0639789149', 5, 'karawith.n.png', '2023-06-03 21:17:46', '2023-06-03 21:17:46', NULL, -1, -1, NULL),
(2, 'moo', 'moo', 'dchaithat@hotmail.com', '0896540599', 5, 'moo.png', '2023-06-03 21:18:02', '2023-06-10 16:59:08', NULL, -1, -1, NULL),
(3, 'dore', 'dore', 'dore@gmail.com', '0635424930', 6, 'doremon02.png\r\n', '2023-06-03 21:18:02', '2023-06-03 21:18:02', NULL, -1, -1, NULL),
(4, 'demo-05', 'demo', 'demo@gmail.com', '0735411521', 7, 'av01.png', '2023-06-03 21:18:02', '2023-06-07 19:39:57', NULL, -1, -1, NULL),
(5, 'tua.knn', 'tua', 'tua.knn@gmail.com', '80858445545', 7, 'doremon06.png', '2023-06-07 19:12:11', '2023-06-07 19:12:11', '2023-06-07 19:51:22', -1, -1, -1),
(28, 'spock', 'stg', 'vulcon@gmail.com', '85544444', 7, NULL, '2023-06-25 13:16:46', '2023-06-25 13:22:51', NULL, -1, -1, NULL),
(27, 'veronika', 'ver05', 'veronika@gmail.com', '125455784', 7, 'taylor_cole.jpg', '2023-06-25 12:48:24', '2023-06-25 13:15:53', '2023-06-25 13:16:07', -1, -1, -1);

--
-- Indexes for dumped tables
--

--
-- Indexes for table `Addresses`
--
ALTER TABLE `Addresses`
  ADD PRIMARY KEY (`AddressId`),
  ADD KEY `EmployeeId` (`EmployeeId`);

--
-- Indexes for table `DeductionItems`
--
ALTER TABLE `DeductionItems`
  ADD PRIMARY KEY (`DeductionItemId`),
  ADD KEY `DeductionId` (`DeductionId`),
  ADD KEY `PropertyTypeId` (`PropertyTypeId`);

--
-- Indexes for table `Deductions`
--
ALTER TABLE `Deductions`
  ADD PRIMARY KEY (`DeductionId`);

--
-- Indexes for table `Employees`
--
ALTER TABLE `Employees`
  ADD PRIMARY KEY (`EmployeeId`),
  ADD KEY `GenderId` (`GenderId`),
  ADD KEY `EmployeeTypeId` (`EmployeeTypeId`);

--
-- Indexes for table `PayrollRuns`
--
ALTER TABLE `PayrollRuns`
  ADD PRIMARY KEY (`PayrollRunId`);

--
-- Indexes for table `PayrollTransactionItems`
--
ALTER TABLE `PayrollTransactionItems`
  ADD PRIMARY KEY (`PayrollTransactionItemId`),
  ADD KEY `PayrollTransactionId` (`PayrollTransactionId`),
  ADD KEY `PropertyTypeId` (`PropertyTypeId`);

--
-- Indexes for table `PayrollTransactions`
--
ALTER TABLE `PayrollTransactions`
  ADD PRIMARY KEY (`PayrollTransactionId`),
  ADD KEY `EmployeeId` (`EmployeeId`),
  ADD KEY `DeductionId` (`DeductionId`),
  ADD KEY `PayRollRunId` (`PayRollRunId`);

--
-- Indexes for table `PropertyTypeGroups`
--
ALTER TABLE `PropertyTypeGroups`
  ADD PRIMARY KEY (`PropertyTypeGroupId`);

--
-- Indexes for table `PropertyTypes`
--
ALTER TABLE `PropertyTypes`
  ADD PRIMARY KEY (`PropertyTypeId`),
  ADD KEY `PropertyTypeGroupId` (`PropertyTypeGroupId`),
  ADD KEY `PropertyTypesIndex` (`PropertyTypeId`,`PropertyTypeGroupId`);

--
-- Indexes for table `Users`
--
ALTER TABLE `Users`
  ADD PRIMARY KEY (`UserId`),
  ADD KEY `RoleId` (`RoleId`);

--
-- AUTO_INCREMENT for dumped tables
--

--
-- AUTO_INCREMENT for table `Addresses`
--
ALTER TABLE `Addresses`
  MODIFY `AddressId` int NOT NULL AUTO_INCREMENT, AUTO_INCREMENT=281;

--
-- AUTO_INCREMENT for table `DeductionItems`
--
ALTER TABLE `DeductionItems`
  MODIFY `DeductionItemId` int NOT NULL AUTO_INCREMENT, AUTO_INCREMENT=13;

--
-- AUTO_INCREMENT for table `Deductions`
--
ALTER TABLE `Deductions`
  MODIFY `DeductionId` int NOT NULL AUTO_INCREMENT, AUTO_INCREMENT=3;

--
-- AUTO_INCREMENT for table `Employees`
--
ALTER TABLE `Employees`
  MODIFY `EmployeeId` int NOT NULL AUTO_INCREMENT, AUTO_INCREMENT=183;

--
-- AUTO_INCREMENT for table `PayrollRuns`
--
ALTER TABLE `PayrollRuns`
  MODIFY `PayrollRunId` int NOT NULL AUTO_INCREMENT, AUTO_INCREMENT=4;

--
-- AUTO_INCREMENT for table `PayrollTransactionItems`
--
ALTER TABLE `PayrollTransactionItems`
  MODIFY `PayrollTransactionItemId` int NOT NULL AUTO_INCREMENT, AUTO_INCREMENT=1025;

--
-- AUTO_INCREMENT for table `PayrollTransactions`
--
ALTER TABLE `PayrollTransactions`
  MODIFY `PayrollTransactionId` int NOT NULL AUTO_INCREMENT, AUTO_INCREMENT=142;

--
-- AUTO_INCREMENT for table `PropertyTypeGroups`
--
ALTER TABLE `PropertyTypeGroups`
  MODIFY `PropertyTypeGroupId` int NOT NULL AUTO_INCREMENT, AUTO_INCREMENT=5;

--
-- AUTO_INCREMENT for table `PropertyTypes`
--
ALTER TABLE `PropertyTypes`
  MODIFY `PropertyTypeId` int NOT NULL AUTO_INCREMENT, AUTO_INCREMENT=21;

--
-- AUTO_INCREMENT for table `Users`
--
ALTER TABLE `Users`
  MODIFY `UserId` int NOT NULL AUTO_INCREMENT, AUTO_INCREMENT=29;
COMMIT;

/*!40101 SET CHARACTER_SET_CLIENT=@OLD_CHARACTER_SET_CLIENT */;
/*!40101 SET CHARACTER_SET_RESULTS=@OLD_CHARACTER_SET_RESULTS */;
/*!40101 SET COLLATION_CONNECTION=@OLD_COLLATION_CONNECTION */;
